iso_code,name_fr,continent,date,new_deaths_smoothed_per_million
ARG,Argentine,South America,2020-01-01,NA
ARG,Argentine,South America,2020-01-02,NA
ARG,Argentine,South America,2020-01-03,NA
ARG,Argentine,South America,2020-01-04,NA
ARG,Argentine,South America,2020-01-05,NA
ARG,Argentine,South America,2020-01-06,NA
ARG,Argentine,South America,2020-01-07,NA
ARG,Argentine,South America,2020-01-08,NA
ARG,Argentine,South America,2020-01-09,NA
ARG,Argentine,South America,2020-01-10,NA
ARG,Argentine,South America,2020-01-11,NA
ARG,Argentine,South America,2020-01-12,NA
ARG,Argentine,South America,2020-01-13,NA
ARG,Argentine,South America,2020-01-14,NA
ARG,Argentine,South America,2020-01-15,NA
ARG,Argentine,South America,2020-01-16,NA
ARG,Argentine,South America,2020-01-17,NA
ARG,Argentine,South America,2020-01-18,NA
ARG,Argentine,South America,2020-01-19,NA
ARG,Argentine,South America,2020-01-20,NA
ARG,Argentine,South America,2020-01-21,NA
ARG,Argentine,South America,2020-01-22,NA
ARG,Argentine,South America,2020-01-23,NA
ARG,Argentine,South America,2020-01-24,NA
ARG,Argentine,South America,2020-01-25,NA
ARG,Argentine,South America,2020-01-26,NA
ARG,Argentine,South America,2020-01-27,NA
ARG,Argentine,South America,2020-01-28,NA
ARG,Argentine,South America,2020-01-29,NA
ARG,Argentine,South America,2020-01-30,NA
ARG,Argentine,South America,2020-01-31,NA
ARG,Argentine,South America,2020-02-01,NA
ARG,Argentine,South America,2020-02-02,NA
ARG,Argentine,South America,2020-02-03,NA
ARG,Argentine,South America,2020-02-04,NA
ARG,Argentine,South America,2020-02-05,NA
ARG,Argentine,South America,2020-02-06,NA
ARG,Argentine,South America,2020-02-07,NA
ARG,Argentine,South America,2020-02-08,NA
ARG,Argentine,South America,2020-02-09,NA
ARG,Argentine,South America,2020-02-10,NA
ARG,Argentine,South America,2020-02-11,NA
ARG,Argentine,South America,2020-02-12,NA
ARG,Argentine,South America,2020-02-13,NA
ARG,Argentine,South America,2020-02-14,NA
ARG,Argentine,South America,2020-02-15,NA
ARG,Argentine,South America,2020-02-16,NA
ARG,Argentine,South America,2020-02-17,NA
ARG,Argentine,South America,2020-02-18,NA
ARG,Argentine,South America,2020-02-19,NA
ARG,Argentine,South America,2020-02-20,NA
ARG,Argentine,South America,2020-02-21,NA
ARG,Argentine,South America,2020-02-22,NA
ARG,Argentine,South America,2020-02-23,NA
ARG,Argentine,South America,2020-02-24,NA
ARG,Argentine,South America,2020-02-25,NA
ARG,Argentine,South America,2020-02-26,NA
ARG,Argentine,South America,2020-02-27,NA
ARG,Argentine,South America,2020-02-28,NA
ARG,Argentine,South America,2020-02-29,NA
ARG,Argentine,South America,2020-03-01,NA
ARG,Argentine,South America,2020-03-02,NA
ARG,Argentine,South America,2020-03-03,NA
ARG,Argentine,South America,2020-03-04,NA
ARG,Argentine,South America,2020-03-05,NA
ARG,Argentine,South America,2020-03-06,NA
ARG,Argentine,South America,2020-03-07,NA
ARG,Argentine,South America,2020-03-08,0.003
ARG,Argentine,South America,2020-03-09,0.003
ARG,Argentine,South America,2020-03-10,0.003
ARG,Argentine,South America,2020-03-11,0.003
ARG,Argentine,South America,2020-03-12,0.003
ARG,Argentine,South America,2020-03-13,0.006
ARG,Argentine,South America,2020-03-14,0.006
ARG,Argentine,South America,2020-03-15,0.003
ARG,Argentine,South America,2020-03-16,0.003
ARG,Argentine,South America,2020-03-17,0.003
ARG,Argentine,South America,2020-03-18,0.003
ARG,Argentine,South America,2020-03-19,0.006
ARG,Argentine,South America,2020-03-20,0.003
ARG,Argentine,South America,2020-03-21,0.006
ARG,Argentine,South America,2020-03-22,0.006
ARG,Argentine,South America,2020-03-23,0.006
ARG,Argentine,South America,2020-03-24,0.013
ARG,Argentine,South America,2020-03-25,0.019
ARG,Argentine,South America,2020-03-26,0.019
ARG,Argentine,South America,2020-03-27,0.032
ARG,Argentine,South America,2020-03-28,0.044
ARG,Argentine,South America,2020-03-29,0.047
ARG,Argentine,South America,2020-03-30,0.06
ARG,Argentine,South America,2020-03-31,0.066
ARG,Argentine,South America,2020-04-01,0.063
ARG,Argentine,South America,2020-04-02,0.085
ARG,Argentine,South America,2020-04-03,0.082
ARG,Argentine,South America,2020-04-04,0.079
ARG,Argentine,South America,2020-04-05,0.079
ARG,Argentine,South America,2020-04-06,0.079
ARG,Argentine,South America,2020-04-07,0.092
ARG,Argentine,South America,2020-04-08,0.111
ARG,Argentine,South America,2020-04-09,0.114
ARG,Argentine,South America,2020-04-10,0.136
ARG,Argentine,South America,2020-04-11,0.126
ARG,Argentine,South America,2020-04-12,0.145
ARG,Argentine,South America,2020-04-13,0.155
ARG,Argentine,South America,2020-04-14,0.145
ARG,Argentine,South America,2020-04-15,0.152
ARG,Argentine,South America,2020-04-16,0.136
ARG,Argentine,South America,2020-04-17,0.13
ARG,Argentine,South America,2020-04-18,0.145
ARG,Argentine,South America,2020-04-19,0.133
ARG,Argentine,South America,2020-04-20,0.123
ARG,Argentine,South America,2020-04-21,0.142
ARG,Argentine,South America,2020-04-22,0.13
ARG,Argentine,South America,2020-04-23,0.158
ARG,Argentine,South America,2020-04-24,0.168
ARG,Argentine,South America,2020-04-25,0.177
ARG,Argentine,South America,2020-04-26,0.19
ARG,Argentine,South America,2020-04-27,0.193
ARG,Argentine,South America,2020-04-28,0.19
ARG,Argentine,South America,2020-04-29,0.196
ARG,Argentine,South America,2020-04-30,0.168
ARG,Argentine,South America,2020-05-01,0.155
ARG,Argentine,South America,2020-05-02,0.164
ARG,Argentine,South America,2020-05-03,0.171
ARG,Argentine,South America,2020-05-04,0.199
ARG,Argentine,South America,2020-05-05,0.18
ARG,Argentine,South America,2020-05-06,0.186
ARG,Argentine,South America,2020-05-07,0.202
ARG,Argentine,South America,2020-05-08,0.215
ARG,Argentine,South America,2020-05-09,0.199
ARG,Argentine,South America,2020-05-10,0.186
ARG,Argentine,South America,2020-05-11,0.171
ARG,Argentine,South America,2020-05-12,0.174
ARG,Argentine,South America,2020-05-13,0.177
ARG,Argentine,South America,2020-05-14,0.224
ARG,Argentine,South America,2020-05-15,0.199
ARG,Argentine,South America,2020-05-16,0.199
ARG,Argentine,South America,2020-05-17,0.215
ARG,Argentine,South America,2020-05-18,0.215
ARG,Argentine,South America,2020-05-19,0.234
ARG,Argentine,South America,2020-05-20,0.234
ARG,Argentine,South America,2020-05-21,0.199
ARG,Argentine,South America,2020-05-22,0.243
ARG,Argentine,South America,2020-05-23,0.259
ARG,Argentine,South America,2020-05-24,0.25
ARG,Argentine,South America,2020-05-25,0.269
ARG,Argentine,South America,2020-05-26,0.288
ARG,Argentine,South America,2020-05-27,0.307
ARG,Argentine,South America,2020-05-28,0.291
ARG,Argentine,South America,2020-05-29,0.275
ARG,Argentine,South America,2020-05-30,0.262
ARG,Argentine,South America,2020-05-31,0.275
ARG,Argentine,South America,2020-06-01,0.281
ARG,Argentine,South America,2020-06-02,0.269
ARG,Argentine,South America,2020-06-03,0.262
ARG,Argentine,South America,2020-06-04,0.316
ARG,Argentine,South America,2020-06-05,0.354
ARG,Argentine,South America,2020-06-06,0.379
ARG,Argentine,South America,2020-06-07,0.395
ARG,Argentine,South America,2020-06-08,0.433
ARG,Argentine,South America,2020-06-09,0.468
ARG,Argentine,South America,2020-06-10,0.48
ARG,Argentine,South America,2020-06-11,0.496
ARG,Argentine,South America,2020-06-12,0.484
ARG,Argentine,South America,2020-06-13,0.528
ARG,Argentine,South America,2020-06-14,0.534
ARG,Argentine,South America,2020-06-15,0.509
ARG,Argentine,South America,2020-06-16,0.509
ARG,Argentine,South America,2020-06-17,0.563
ARG,Argentine,South America,2020-06-18,0.578
ARG,Argentine,South America,2020-06-19,0.613
ARG,Argentine,South America,2020-06-20,0.559
ARG,Argentine,South America,2020-06-21,0.563
ARG,Argentine,South America,2020-06-22,0.597
ARG,Argentine,South America,2020-06-23,0.632
ARG,Argentine,South America,2020-06-24,0.642
ARG,Argentine,South America,2020-06-25,0.638
ARG,Argentine,South America,2020-06-26,0.648
ARG,Argentine,South America,2020-06-27,0.68
ARG,Argentine,South America,2020-06-28,0.699
ARG,Argentine,South America,2020-06-29,0.749
ARG,Argentine,South America,2020-06-30,0.724
ARG,Argentine,South America,2020-07-01,0.743
ARG,Argentine,South America,2020-07-02,0.743
ARG,Argentine,South America,2020-07-03,0.8
ARG,Argentine,South America,2020-07-04,0.866
ARG,Argentine,South America,2020-07-05,0.869
ARG,Argentine,South America,2020-07-06,0.955
ARG,Argentine,South America,2020-07-07,1.065
ARG,Argentine,South America,2020-07-08,1.084
ARG,Argentine,South America,2020-07-09,1.059
ARG,Argentine,South America,2020-07-10,1.065
ARG,Argentine,South America,2020-07-11,1.04
ARG,Argentine,South America,2020-07-12,1.068
ARG,Argentine,South America,2020-07-13,1.015
ARG,Argentine,South America,2020-07-14,1.024
ARG,Argentine,South America,2020-07-15,1.125
ARG,Argentine,South America,2020-07-16,1.239
ARG,Argentine,South America,2020-07-17,1.277
ARG,Argentine,South America,2020-07-18,1.296
ARG,Argentine,South America,2020-07-19,1.312
ARG,Argentine,South America,2020-07-20,1.486
ARG,Argentine,South America,2020-07-21,1.65
ARG,Argentine,South America,2020-07-22,1.701
ARG,Argentine,South America,2020-07-23,1.865
ARG,Argentine,South America,2020-07-24,1.988
ARG,Argentine,South America,2020-07-25,2.127
ARG,Argentine,South America,2020-07-26,2.146
ARG,Argentine,South America,2020-07-27,2.168
ARG,Argentine,South America,2020-07-28,2.178
ARG,Argentine,South America,2020-07-29,2.213
ARG,Argentine,South America,2020-07-30,2.336
ARG,Argentine,South America,2020-07-31,2.326
ARG,Argentine,South America,2020-08-01,2.222
ARG,Argentine,South America,2020-08-02,2.241
ARG,Argentine,South America,2020-08-03,2.383
ARG,Argentine,South America,2020-08-04,2.529
ARG,Argentine,South America,2020-08-05,2.586
ARG,Argentine,South America,2020-08-06,2.56
ARG,Argentine,South America,2020-08-07,2.744
ARG,Argentine,South America,2020-08-08,2.93
ARG,Argentine,South America,2020-08-09,3.028
ARG,Argentine,South America,2020-08-10,3.006
ARG,Argentine,South America,2020-08-11,3.24
ARG,Argentine,South America,2020-08-12,3.499
ARG,Argentine,South America,2020-08-13,3.512
ARG,Argentine,South America,2020-08-14,3.528
ARG,Argentine,South America,2020-08-15,3.521
ARG,Argentine,South America,2020-08-16,3.467
ARG,Argentine,South America,2020-08-17,3.319
ARG,Argentine,South America,2020-08-18,3.3
ARG,Argentine,South America,2020-08-19,3.531
ARG,Argentine,South America,2020-08-20,3.651
ARG,Argentine,South America,2020-08-21,3.803
ARG,Argentine,South America,2020-08-22,3.828
ARG,Argentine,South America,2020-08-23,4.052
ARG,Argentine,South America,2020-08-24,4.906
ARG,Argentine,South America,2020-08-25,4.789
ARG,Argentine,South America,2020-08-26,4.77
ARG,Argentine,South America,2020-08-27,4.846
ARG,Argentine,South America,2020-08-28,4.871
ARG,Argentine,South America,2020-08-29,4.757
ARG,Argentine,South America,2020-08-30,4.653
ARG,Argentine,South America,2020-08-31,4.09
ARG,Argentine,South America,2020-09-01,4.286
ARG,Argentine,South America,2020-09-02,4.043
ARG,Argentine,South America,2020-09-03,4.144
ARG,Argentine,South America,2020-09-04,4.273
ARG,Argentine,South America,2020-09-05,4.381
ARG,Argentine,South America,2020-09-06,4.432
ARG,Argentine,South America,2020-09-07,4.643
ARG,Argentine,South America,2020-09-08,4.697
ARG,Argentine,South America,2020-09-09,4.868
ARG,Argentine,South America,2020-09-10,4.887
ARG,Argentine,South America,2020-09-11,4.82
ARG,Argentine,South America,2020-09-12,4.817
ARG,Argentine,South America,2020-09-13,4.719
ARG,Argentine,South America,2020-09-14,4.861
ARG,Argentine,South America,2020-09-15,4.574
ARG,Argentine,South America,2020-09-16,4.609
ARG,Argentine,South America,2020-09-17,4.909
ARG,Argentine,South America,2020-09-18,4.767
ARG,Argentine,South America,2020-09-19,4.855
ARG,Argentine,South America,2020-09-20,5.377
ARG,Argentine,South America,2020-09-21,5.737
ARG,Argentine,South America,2020-09-22,6.638
ARG,Argentine,South America,2020-09-23,7.144
ARG,Argentine,South America,2020-09-24,7.289
ARG,Argentine,South America,2020-09-25,8.066
ARG,Argentine,South America,2020-09-26,8.673
ARG,Argentine,South America,2020-09-27,8.522
ARG,Argentine,South America,2020-09-28,8.316
ARG,Argentine,South America,2020-09-29,8.114
ARG,Argentine,South America,2020-09-30,8.095
ARG,Argentine,South America,2020-10-01,17.454
ARG,Argentine,South America,2020-10-02,17.04
ARG,Argentine,South America,2020-10-03,16.601
ARG,Argentine,South America,2020-10-04,16.655
ARG,Argentine,South America,2020-10-05,16.926
ARG,Argentine,South America,2020-10-06,16.778
ARG,Argentine,South America,2020-10-07,16.718
ARG,Argentine,South America,2020-10-08,7.656
ARG,Argentine,South America,2020-10-09,8.3
ARG,Argentine,South America,2020-10-10,8.806
ARG,Argentine,South America,2020-10-11,9.008
ARG,Argentine,South America,2020-10-12,8.591
ARG,Argentine,South America,2020-10-13,8.677
ARG,Argentine,South America,2020-10-14,8.518
ARG,Argentine,South America,2020-10-15,8.319
ARG,Argentine,South America,2020-10-16,7.896
ARG,Argentine,South America,2020-10-17,7.984
ARG,Argentine,South America,2020-10-18,7.583
ARG,Argentine,South America,2020-10-19,7.997
ARG,Argentine,South America,2020-10-20,7.991
ARG,Argentine,South America,2020-10-21,8.212
ARG,Argentine,South America,2020-10-22,8.266
ARG,Argentine,South America,2020-10-23,8.266
ARG,Argentine,South America,2020-10-24,7.921
ARG,Argentine,South America,2020-10-25,8.31
ARG,Argentine,South America,2020-10-26,8.171
ARG,Argentine,South America,2020-10-27,8.313
ARG,Argentine,South America,2020-10-28,8.066
ARG,Argentine,South America,2020-10-29,7.855
ARG,Argentine,South America,2020-10-30,7.757
ARG,Argentine,South America,2020-10-31,7.551
ARG,Argentine,South America,2020-11-01,7.093
ARG,Argentine,South America,2020-11-02,7.339
ARG,Argentine,South America,2020-11-03,7.339
ARG,Argentine,South America,2020-11-04,7.741
ARG,Argentine,South America,2020-11-05,7.346
ARG,Argentine,South America,2020-11-06,7.409
ARG,Argentine,South America,2020-11-07,7.415
ARG,Argentine,South America,2020-11-08,7.649
ARG,Argentine,South America,2020-11-09,7.219
ARG,Argentine,South America,2020-11-10,6.736
ARG,Argentine,South America,2020-11-11,6.356
ARG,Argentine,South America,2020-11-12,6.372
ARG,Argentine,South America,2020-11-13,6.034
ARG,Argentine,South America,2020-11-14,6.192
ARG,Argentine,South America,2020-11-15,5.93
ARG,Argentine,South America,2020-11-16,5.753
ARG,Argentine,South America,2020-11-17,6.078
ARG,Argentine,South America,2020-11-18,5.74
ARG,Argentine,South America,2020-11-19,5.531
ARG,Argentine,South America,2020-11-20,5.516
ARG,Argentine,South America,2020-11-21,5.042
ARG,Argentine,South America,2020-11-22,4.95
ARG,Argentine,South America,2020-11-23,4.409
ARG,Argentine,South America,2020-11-24,4.191
ARG,Argentine,South America,2020-11-25,4.321
ARG,Argentine,South America,2020-11-26,4.454
ARG,Argentine,South America,2020-11-27,4.507
ARG,Argentine,South America,2020-11-28,4.488
ARG,Argentine,South America,2020-11-29,4.65
ARG,Argentine,South America,2020-11-30,5.083
ARG,Argentine,South America,2020-12-01,4.729
ARG,Argentine,South America,2020-12-02,4.558
ARG,Argentine,South America,2020-12-03,4.311
ARG,Argentine,South America,2020-12-04,4.096
ARG,Argentine,South America,2020-12-05,4.141
ARG,Argentine,South America,2020-12-06,4.1
ARG,Argentine,South America,2020-12-07,3.66
ARG,Argentine,South America,2020-12-08,3.417
ARG,Argentine,South America,2020-12-09,3.369
ARG,Argentine,South America,2020-12-10,3.559
ARG,Argentine,South America,2020-12-11,3.458
ARG,Argentine,South America,2020-12-12,3.275
ARG,Argentine,South America,2020-12-13,3.148
ARG,Argentine,South America,2020-12-14,3.644
ARG,Argentine,South America,2020-12-15,3.777
ARG,Argentine,South America,2020-12-16,3.613
ARG,Argentine,South America,2020-12-17,3.486
ARG,Argentine,South America,2020-12-18,3.369
ARG,Argentine,South America,2020-12-19,3.461
ARG,Argentine,South America,2020-12-20,3.309
ARG,Argentine,South America,2020-12-21,3.022
ARG,Argentine,South America,2020-12-22,3.319
ARG,Argentine,South America,2020-12-23,3
ARG,Argentine,South America,2020-12-24,2.465
ARG,Argentine,South America,2020-12-25,2.371
ARG,Argentine,South America,2020-12-26,2.333
ARG,Argentine,South America,2020-12-27,2.646
ARG,Argentine,South America,2020-12-28,2.753
ARG,Argentine,South America,2020-12-29,2.415
ARG,Argentine,South America,2020-12-30,2.684
ARG,Argentine,South America,2020-12-31,2.943
ARG,Argentine,South America,2021-01-01,2.835
ARG,Argentine,South America,2021-01-02,2.763
ARG,Argentine,South America,2021-01-03,2.63
ARG,Argentine,South America,2021-01-04,2.421
ARG,Argentine,South America,2021-01-05,2.424
ARG,Argentine,South America,2021-01-06,2.57
ARG,Argentine,South America,2021-01-07,2.772
ARG,Argentine,South America,2021-01-08,3.015
ARG,Argentine,South America,2021-01-09,3.294
ARG,Argentine,South America,2021-01-10,3.202
ARG,Argentine,South America,2021-01-11,3.224
ARG,Argentine,South America,2021-01-12,3.36
ARG,Argentine,South America,2021-01-13,3.183
ARG,Argentine,South America,2021-01-14,3.17
ARG,Argentine,South America,2021-01-15,3.015
ARG,Argentine,South America,2021-01-16,2.775
ARG,Argentine,South America,2021-01-17,2.883
ARG,Argentine,South America,2021-01-18,3.723
ARG,Argentine,South America,2021-01-19,3.85
ARG,Argentine,South America,2021-01-20,3.897
ARG,Argentine,South America,2021-01-21,3.888
ARG,Argentine,South America,2021-01-22,4.261
ARG,Argentine,South America,2021-01-23,4.558
ARG,Argentine,South America,2021-01-24,4.488
ARG,Argentine,South America,2021-01-25,3.799
ARG,Argentine,South America,2021-01-26,3.752
ARG,Argentine,South America,2021-01-27,3.853
ARG,Argentine,South America,2021-01-28,3.938
ARG,Argentine,South America,2021-01-29,3.793
ARG,Argentine,South America,2021-01-30,3.774
ARG,Argentine,South America,2021-01-31,3.625
ARG,Argentine,South America,2021-02-01,3.84
ARG,Argentine,South America,2021-02-02,3.708
ARG,Argentine,South America,2021-02-03,3.49
ARG,Argentine,South America,2021-02-04,3.474
ARG,Argentine,South America,2021-02-05,3.825
ARG,Argentine,South America,2021-02-06,3.727
ARG,Argentine,South America,2021-02-07,3.784
ARG,Argentine,South America,2021-02-08,3.632
ARG,Argentine,South America,2021-02-09,3.603
ARG,Argentine,South America,2021-02-10,3.588
ARG,Argentine,South America,2021-02-11,3.711
ARG,Argentine,South America,2021-02-12,3.3
ARG,Argentine,South America,2021-02-13,3.407
ARG,Argentine,South America,2021-02-14,3.366
ARG,Argentine,South America,2021-02-15,2.936
ARG,Argentine,South America,2021-02-16,2.737
ARG,Argentine,South America,2021-02-17,2.978
ARG,Argentine,South America,2021-02-18,3.107
ARG,Argentine,South America,2021-02-19,3.069
ARG,Argentine,South America,2021-02-20,2.952
ARG,Argentine,South America,2021-02-21,3.041
ARG,Argentine,South America,2021-02-22,3.262
ARG,Argentine,South America,2021-02-23,3.407
ARG,Argentine,South America,2021-02-24,3.268
ARG,Argentine,South America,2021-02-25,2.965
ARG,Argentine,South America,2021-02-26,2.804
ARG,Argentine,South America,2021-02-27,2.605
ARG,Argentine,South America,2021-02-28,2.424
ARG,Argentine,South America,2021-03-01,2.269
ARG,Argentine,South America,2021-03-02,2.156
ARG,Argentine,South America,2021-03-03,2.538
ARG,Argentine,South America,2021-03-04,2.684
ARG,Argentine,South America,2021-03-05,2.835
ARG,Argentine,South America,2021-03-06,2.921
ARG,Argentine,South America,2021-03-07,2.892
ARG,Argentine,South America,2021-03-08,3.3
ARG,Argentine,South America,2021-03-09,3.351
ARG,Argentine,South America,2021-03-10,2.864
ARG,Argentine,South America,2021-03-11,2.684
ARG,Argentine,South America,2021-03-12,2.51
ARG,Argentine,South America,2021-03-13,2.453
ARG,Argentine,South America,2021-03-14,2.497
ARG,Argentine,South America,2021-03-15,2.26
ARG,Argentine,South America,2021-03-16,2.478
ARG,Argentine,South America,2021-03-17,2.756
ARG,Argentine,South America,2021-03-18,2.823
ARG,Argentine,South America,2021-03-19,2.838
ARG,Argentine,South America,2021-03-20,2.753
ARG,Argentine,South America,2021-03-21,2.766
ARG,Argentine,South America,2021-03-22,2.639
ARG,Argentine,South America,2021-03-23,2.488
ARG,Argentine,South America,2021-03-24,2.26
ARG,Argentine,South America,2021-03-25,2.232
ARG,Argentine,South America,2021-03-26,2.399
ARG,Argentine,South America,2021-03-27,2.69
ARG,Argentine,South America,2021-03-28,2.857
ARG,Argentine,South America,2021-03-29,2.971
ARG,Argentine,South America,2021-03-30,2.886
ARG,Argentine,South America,2021-03-31,2.883
ARG,Argentine,South America,2021-04-01,2.684
ARG,Argentine,South America,2021-04-02,2.491
ARG,Argentine,South America,2021-04-03,2.333
ARG,Argentine,South America,2021-04-04,2.371
ARG,Argentine,South America,2021-04-05,2.718
ARG,Argentine,South America,2021-04-06,2.838
ARG,Argentine,South America,2021-04-07,3.079
ARG,Argentine,South America,2021-04-08,3.733
ARG,Argentine,South America,2021-04-09,4.194
ARG,Argentine,South America,2021-04-10,4.871
ARG,Argentine,South America,2021-04-11,4.994
ARG,Argentine,South America,2021-04-12,4.697
ARG,Argentine,South America,2021-04-13,4.868
ARG,Argentine,South America,2021-04-14,5.405
ARG,Argentine,South America,2021-04-15,5.699
ARG,Argentine,South America,2021-04-16,5.481
ARG,Argentine,South America,2021-04-17,4.795
ARG,Argentine,South America,2021-04-18,4.58
ARG,Argentine,South America,2021-04-19,4.801
ARG,Argentine,South America,2021-04-20,5.114
ARG,Argentine,South America,2021-04-21,4.871
ARG,Argentine,South America,2021-04-22,5.358
ARG,Argentine,South America,2021-04-23,6.613
ARG,Argentine,South America,2021-04-24,7.302
ARG,Argentine,South America,2021-04-25,7.637
ARG,Argentine,South America,2021-04-26,8.253
ARG,Argentine,South America,2021-04-27,8.873
ARG,Argentine,South America,2021-04-28,9.053
ARG,Argentine,South America,2021-04-29,9.129
ARG,Argentine,South America,2021-04-30,8.5
ARG,Argentine,South America,2021-05-01,8.288
ARG,Argentine,South America,2021-05-02,8.244
ARG,Argentine,South America,2021-05-03,8.55
ARG,Argentine,South America,2021-05-04,8.228
ARG,Argentine,South America,2021-05-05,9.223
ARG,Argentine,South America,2021-05-06,8.708
ARG,Argentine,South America,2021-05-07,9.505
ARG,Argentine,South America,2021-05-08,9.312
ARG,Argentine,South America,2021-05-09,9.713
ARG,Argentine,South America,2021-05-10,9.574
ARG,Argentine,South America,2021-05-11,9.827
ARG,Argentine,South America,2021-05-12,9.299
ARG,Argentine,South America,2021-05-13,9.454
ARG,Argentine,South America,2021-05-14,9.422
ARG,Argentine,South America,2021-05-15,10.149
ARG,Argentine,South America,2021-05-16,10.105
ARG,Argentine,South America,2021-05-17,10.134
ARG,Argentine,South America,2021-05-18,10.937
ARG,Argentine,South America,2021-05-19,10.93
ARG,Argentine,South America,2021-05-20,10.889
ARG,Argentine,South America,2021-05-21,11.183
ARG,Argentine,South America,2021-05-22,10.858
ARG,Argentine,South America,2021-05-23,11.193
ARG,Argentine,South America,2021-05-24,10.914
BRA,Brésil,South America,2020-02-26,NA
BRA,Brésil,South America,2020-02-27,NA
BRA,Brésil,South America,2020-02-28,NA
BRA,Brésil,South America,2020-02-29,NA
BRA,Brésil,South America,2020-03-01,NA
BRA,Brésil,South America,2020-03-02,0
BRA,Brésil,South America,2020-03-03,0
BRA,Brésil,South America,2020-03-04,0
BRA,Brésil,South America,2020-03-05,0
BRA,Brésil,South America,2020-03-06,0
BRA,Brésil,South America,2020-03-07,0
BRA,Brésil,South America,2020-03-08,0
BRA,Brésil,South America,2020-03-09,0
BRA,Brésil,South America,2020-03-10,0
BRA,Brésil,South America,2020-03-11,0
BRA,Brésil,South America,2020-03-12,0
BRA,Brésil,South America,2020-03-13,0
BRA,Brésil,South America,2020-03-14,0
BRA,Brésil,South America,2020-03-15,0
BRA,Brésil,South America,2020-03-16,0
BRA,Brésil,South America,2020-03-17,0.001
BRA,Brésil,South America,2020-03-18,0.002
BRA,Brésil,South America,2020-03-19,0.004
BRA,Brésil,South America,2020-03-20,0.007
BRA,Brésil,South America,2020-03-21,0.01
BRA,Brésil,South America,2020-03-22,0.017
BRA,Brésil,South America,2020-03-23,0.023
BRA,Brésil,South America,2020-03-24,0.03
BRA,Brésil,South America,2020-03-25,0.038
BRA,Brésil,South America,2020-03-26,0.048
BRA,Brésil,South America,2020-03-27,0.054
BRA,Brésil,South America,2020-03-28,0.065
BRA,Brésil,South America,2020-03-29,0.075
BRA,Brésil,South America,2020-03-30,0.084
BRA,Brésil,South America,2020-03-31,0.104
BRA,Brésil,South America,2020-04-01,0.122
BRA,Brésil,South America,2020-04-02,0.166
BRA,Brésil,South America,2020-04-03,0.179
BRA,Brésil,South America,2020-04-04,0.224
BRA,Brésil,South America,2020-04-05,0.235
BRA,Brésil,South America,2020-04-06,0.272
BRA,Brésil,South America,2020-04-07,0.326
BRA,Brésil,South America,2020-04-08,0.389
BRA,Brésil,South America,2020-04-09,0.421
BRA,Brésil,South America,2020-04-10,0.469
BRA,Brésil,South America,2020-04-11,0.456
BRA,Brésil,South America,2020-04-12,0.495
BRA,Brésil,South America,2020-04-13,0.513
BRA,Brésil,South America,2020-04-14,0.569
BRA,Brésil,South America,2020-04-15,0.616
BRA,Brésil,South America,2020-04-16,0.655
BRA,Brésil,South America,2020-04-17,0.729
BRA,Brésil,South America,2020-04-18,0.827
BRA,Brésil,South America,2020-04-19,0.833
BRA,Brésil,South America,2020-04-20,0.846
BRA,Brésil,South America,2020-04-21,0.813
BRA,Brésil,South America,2020-04-22,0.786
BRA,Brésil,South America,2020-04-23,0.946
BRA,Brésil,South America,2020-04-24,1.05
BRA,Brésil,South America,2020-04-25,1.145
BRA,Brésil,South America,2020-04-26,1.226
BRA,Brésil,South America,2020-04-27,1.355
BRA,Brésil,South America,2020-04-28,1.574
BRA,Brésil,South America,2020-04-29,1.752
BRA,Brésil,South America,2020-04-30,1.798
BRA,Brésil,South America,2020-05-01,1.82
BRA,Brésil,South America,2020-05-02,1.817
BRA,Brésil,South America,2020-05-03,1.858
BRA,Brésil,South America,2020-05-04,1.858
BRA,Brésil,South America,2020-05-05,1.919
BRA,Brésil,South America,2020-05-06,2.067
BRA,Brésil,South America,2020-05-07,2.14
BRA,Brésil,South America,2020-05-08,2.423
BRA,Brésil,South America,2020-05-09,2.618
BRA,Brésil,South America,2020-05-10,2.737
BRA,Brésil,South America,2020-05-11,2.881
BRA,Brésil,South America,2020-05-12,3.04
BRA,Brésil,South America,2020-05-13,3.127
BRA,Brésil,South America,2020-05-14,3.232
BRA,Brésil,South America,2020-05-15,3.323
BRA,Brésil,South America,2020-05-16,3.364
BRA,Brésil,South America,2020-05-17,3.357
BRA,Brésil,South America,2020-05-18,3.495
BRA,Brésil,South America,2020-05-19,3.711
BRA,Brésil,South America,2020-05-20,3.776
BRA,Brésil,South America,2020-05-21,4.065
BRA,Brésil,South America,2020-05-22,4.09
BRA,Brésil,South America,2020-05-23,4.268
BRA,Brésil,South America,2020-05-24,4.401
BRA,Brésil,South America,2020-05-25,4.449
BRA,Brésil,South America,2020-05-26,4.388
BRA,Brésil,South America,2020-05-27,4.529
BRA,Brésil,South America,2020-05-28,4.508
BRA,Brésil,South America,2020-05-29,4.59
BRA,Brésil,South America,2020-05-30,4.584
BRA,Brésil,South America,2020-05-31,4.468
BRA,Brésil,South America,2020-06-01,4.344
BRA,Brésil,South America,2020-06-02,4.494
BRA,Brésil,South America,2020-06-03,4.671
BRA,Brésil,South America,2020-06-04,4.884
BRA,Brésil,South America,2020-06-05,4.804
BRA,Brésil,South America,2020-06-06,4.769
BRA,Brésil,South America,2020-06-07,4.799
BRA,Brésil,South America,2020-06-08,4.837
BRA,Brésil,South America,2020-06-09,4.844
BRA,Brésil,South America,2020-06-10,4.793
BRA,Brésil,South America,2020-06-11,4.636
BRA,Brésil,South America,2020-06-12,4.571
BRA,Brésil,South America,2020-06-13,4.563
BRA,Brésil,South America,2020-06-14,4.622
BRA,Brésil,South America,2020-06-15,4.587
BRA,Brésil,South America,2020-06-16,4.594
BRA,Brésil,South America,2020-06-17,4.59
BRA,Brésil,South America,2020-06-18,4.59
BRA,Brésil,South America,2020-06-19,4.789
BRA,Brésil,South America,2020-06-20,4.877
BRA,Brésil,South America,2020-06-21,4.879
BRA,Brésil,South America,2020-06-22,4.914
BRA,Brésil,South America,2020-06-23,4.976
BRA,Brésil,South America,2020-06-24,4.92
BRA,Brésil,South America,2020-06-25,4.854
BRA,Brésil,South America,2020-06-26,4.709
BRA,Brésil,South America,2020-06-27,4.768
BRA,Brésil,South America,2020-06-28,4.725
BRA,Brésil,South America,2020-06-29,4.733
BRA,Brésil,South America,2020-06-30,4.67
BRA,Brésil,South America,2020-07-01,4.571
BRA,Brésil,South America,2020-07-02,4.646
BRA,Brésil,South America,2020-07-03,4.848
BRA,Brésil,South America,2020-07-04,4.836
BRA,Brésil,South America,2020-07-05,4.869
BRA,Brésil,South America,2020-07-06,4.821
BRA,Brésil,South America,2020-07-07,4.803
BRA,Brésil,South America,2020-07-08,4.928
BRA,Brésil,South America,2020-07-09,4.906
BRA,Brésil,South America,2020-07-10,4.855
BRA,Brésil,South America,2020-07-11,4.842
BRA,Brésil,South America,2020-07-12,4.861
BRA,Brésil,South America,2020-07-13,4.937
BRA,Brésil,South America,2020-07-14,4.968
BRA,Brésil,South America,2020-07-15,4.975
BRA,Brésil,South America,2020-07-16,5.043
BRA,Brésil,South America,2020-07-17,5.009
BRA,Brésil,South America,2020-07-18,4.908
BRA,Brésil,South America,2020-07-19,4.965
BRA,Brésil,South America,2020-07-20,4.897
BRA,Brésil,South America,2020-07-21,4.942
BRA,Brésil,South America,2020-07-22,4.977
BRA,Brésil,South America,2020-07-23,4.969
BRA,Brésil,South America,2020-07-24,4.965
BRA,Brésil,South America,2020-07-25,5.16
BRA,Brésil,South America,2020-07-26,5.051
BRA,Brésil,South America,2020-07-27,5.039
BRA,Brésil,South America,2020-07-28,4.74
BRA,Brésil,South America,2020-07-29,4.949
BRA,Brésil,South America,2020-07-30,4.826
BRA,Brésil,South America,2020-07-31,4.864
BRA,Brésil,South America,2020-08-01,4.781
BRA,Brésil,South America,2020-08-02,4.772
BRA,Brésil,South America,2020-08-03,4.736
BRA,Brésil,South America,2020-08-04,4.893
BRA,Brésil,South America,2020-08-05,4.787
BRA,Brésil,South America,2020-08-06,4.859
BRA,Brésil,South America,2020-08-07,4.77
BRA,Brésil,South America,2020-08-08,4.647
BRA,Brésil,South America,2020-08-09,4.668
BRA,Brésil,South America,2020-08-10,4.763
BRA,Brésil,South America,2020-08-11,4.844
BRA,Brésil,South America,2020-08-12,4.668
BRA,Brésil,South America,2020-08-13,4.684
BRA,Brésil,South America,2020-08-14,4.672
BRA,Brésil,South America,2020-08-15,4.54
BRA,Brésil,South America,2020-08-16,4.572
BRA,Brésil,South America,2020-08-17,4.559
BRA,Brésil,South America,2020-08-18,4.612
BRA,Brésil,South America,2020-08-19,4.637
BRA,Brésil,South America,2020-08-20,4.598
BRA,Brésil,South America,2020-08-21,4.594
BRA,Brésil,South America,2020-08-22,4.717
BRA,Brésil,South America,2020-08-23,4.632
BRA,Brésil,South America,2020-08-24,4.552
BRA,Brésil,South America,2020-08-25,4.498
BRA,Brésil,South America,2020-08-26,4.412
BRA,Brésil,South America,2020-08-27,4.264
BRA,Brésil,South America,2020-08-28,4.131
BRA,Brésil,South America,2020-08-29,4.041
BRA,Brésil,South America,2020-08-30,4.089
BRA,Brésil,South America,2020-08-31,4.081
BRA,Brésil,South America,2020-09-01,4.043
BRA,Brésil,South America,2020-09-02,4.11
BRA,Brésil,South America,2020-09-03,4.009
BRA,Brésil,South America,2020-09-04,4.031
BRA,Brésil,South America,2020-09-05,3.993
BRA,Brésil,South America,2020-09-06,3.913
BRA,Brésil,South America,2020-09-07,3.75
BRA,Brésil,South America,2020-09-08,3.272
BRA,Brésil,South America,2020-09-09,3.198
BRA,Brésil,South America,2020-09-10,3.299
BRA,Brésil,South America,2020-09-11,3.289
BRA,Brésil,South America,2020-09-12,3.365
BRA,Brésil,South America,2020-09-13,3.344
BRA,Brésil,South America,2020-09-14,3.391
BRA,Brésil,South America,2020-09-15,3.801
BRA,Brésil,South America,2020-09-16,3.741
BRA,Brésil,South America,2020-09-17,3.638
BRA,Brésil,South America,2020-09-18,3.627
BRA,Brésil,South America,2020-09-19,3.577
BRA,Brésil,South America,2020-09-20,3.542
BRA,Brésil,South America,2020-09-21,3.539
BRA,Brésil,South America,2020-09-22,3.351
BRA,Brésil,South America,2020-09-23,2.688
BRA,Brésil,South America,2020-09-24,3.275
BRA,Brésil,South America,2020-09-25,3.188
BRA,Brésil,South America,2020-09-26,3.276
BRA,Brésil,South America,2020-09-27,3.257
BRA,Brésil,South America,2020-09-28,3.217
BRA,Brésil,South America,2020-09-29,3.237
BRA,Brésil,South America,2020-09-30,3.93
BRA,Brésil,South America,2020-10-01,3.274
BRA,Brésil,South America,2020-10-02,2.784
BRA,Brésil,South America,2020-10-03,3.079
BRA,Brésil,South America,2020-10-04,3.099
BRA,Brésil,South America,2020-10-05,3.103
BRA,Brésil,South America,2020-10-06,3.073
BRA,Brésil,South America,2020-10-07,2.874
BRA,Brésil,South America,2020-10-08,2.874
BRA,Brésil,South America,2020-10-09,3.333
BRA,Brésil,South America,2020-10-10,2.83
BRA,Brésil,South America,2020-10-11,2.78
BRA,Brésil,South America,2020-10-12,2.698
BRA,Brésil,South America,2020-10-13,2.355
BRA,Brésil,South America,2020-10-14,2.365
BRA,Brésil,South America,2020-10-15,2.354
BRA,Brésil,South America,2020-10-16,2.403
BRA,Brésil,South America,2020-10-17,2.337
BRA,Brésil,South America,2020-10-18,2.142
BRA,Brésil,South America,2020-10-19,2.344
BRA,Brésil,South America,2020-10-20,2.58
BRA,Brésil,South America,2020-10-21,2.457
BRA,Brésil,South America,2020-10-22,2.312
BRA,Brésil,South America,2020-10-23,2.189
BRA,Brésil,South America,2020-10-24,2.169
BRA,Brésil,South America,2020-10-25,2.325
BRA,Brésil,South America,2020-10-26,2.165
BRA,Brésil,South America,2020-10-27,2.089
BRA,Brésil,South America,2020-10-28,2.052
BRA,Brésil,South America,2020-10-29,2.063
BRA,Brésil,South America,2020-10-30,2.02
BRA,Brésil,South America,2020-10-31,2.003
BRA,Brésil,South America,2020-11-01,1.976
BRA,Brésil,South America,2020-11-02,1.919
BRA,Brésil,South America,2020-11-03,1.714
BRA,Brésil,South America,2020-11-04,1.781
BRA,Brésil,South America,2020-11-05,1.436
BRA,Brésil,South America,2020-11-06,1.706
BRA,Brésil,South America,2020-11-07,1.603
BRA,Brésil,South America,2020-11-08,1.561
BRA,Brésil,South America,2020-11-09,1.596
BRA,Brésil,South America,2020-11-10,1.55
BRA,Brésil,South America,2020-11-11,1.52
BRA,Brésil,South America,2020-11-12,2.134
BRA,Brésil,South America,2020-11-13,1.829
BRA,Brésil,South America,2020-11-14,2.278
BRA,Brésil,South America,2020-11-15,2.286
BRA,Brésil,South America,2020-11-16,2.276
BRA,Brésil,South America,2020-11-17,2.619
BRA,Brésil,South America,2020-11-18,2.747
BRA,Brésil,South America,2020-11-19,2.54
BRA,Brésil,South America,2020-11-20,2.605
BRA,Brésil,South America,2020-11-21,2.239
BRA,Brésil,South America,2020-11-22,2.275
BRA,Brésil,South America,2020-11-23,2.333
BRA,Brésil,South America,2020-11-24,2.296
BRA,Brésil,South America,2020-11-25,2.227
BRA,Brésil,South America,2020-11-26,2.284
BRA,Brésil,South America,2020-11-27,2.259
BRA,Brésil,South America,2020-11-28,2.401
BRA,Brésil,South America,2020-11-29,2.453
BRA,Brésil,South America,2020-11-30,2.443
BRA,Brésil,South America,2020-12-01,2.488
BRA,Brésil,South America,2020-12-02,2.518
BRA,Brésil,South America,2020-12-03,2.561
BRA,Brésil,South America,2020-12-04,2.682
BRA,Brésil,South America,2020-12-05,2.733
BRA,Brésil,South America,2020-12-06,2.761
BRA,Brésil,South America,2020-12-07,2.821
BRA,Brésil,South America,2020-12-08,2.918
BRA,Brésil,South America,2020-12-09,3.011
BRA,Brésil,South America,2020-12-10,3.021
BRA,Brésil,South America,2020-12-11,3.006
BRA,Brésil,South America,2020-12-12,3.021
BRA,Brésil,South America,2020-12-13,2.998
BRA,Brésil,South America,2020-12-14,3.036
BRA,Brésil,South America,2020-12-15,3.118
BRA,Brésil,South America,2020-12-16,3.186
BRA,Brésil,South America,2020-12-17,3.402
BRA,Brésil,South America,2020-12-18,3.504
BRA,Brésil,South America,2020-12-19,3.517
BRA,Brésil,South America,2020-12-20,3.604
BRA,Brésil,South America,2020-12-21,3.667
BRA,Brésil,South America,2020-12-22,3.67
BRA,Brésil,South America,2020-12-23,3.686
BRA,Brésil,South America,2020-12-24,3.465
BRA,Brésil,South America,2020-12-25,3.252
BRA,Brésil,South America,2020-12-26,2.983
BRA,Brésil,South America,2020-12-27,2.94
BRA,Brésil,South America,2020-12-28,2.876
BRA,Brésil,South America,2020-12-29,2.972
BRA,Brésil,South America,2020-12-30,3.129
BRA,Brésil,South America,2020-12-31,3.338
BRA,Brésil,South America,2021-01-01,3.309
BRA,Brésil,South America,2021-01-02,3.313
BRA,Brésil,South America,2021-01-03,3.279
BRA,Brésil,South America,2021-01-04,3.354
BRA,Brésil,South America,2021-01-05,3.395
BRA,Brésil,South America,2021-01-06,3.427
BRA,Brésil,South America,2021-01-07,3.729
BRA,Brésil,South America,2021-01-08,4.065
BRA,Brésil,South America,2021-01-09,4.641
BRA,Brésil,South America,2021-01-10,4.76
BRA,Brésil,South America,2021-01-11,4.717
BRA,Brésil,South America,2021-01-12,4.676
BRA,Brésil,South America,2021-01-13,4.698
BRA,Brésil,South America,2021-01-14,4.434
BRA,Brésil,South America,2021-01-15,4.561
BRA,Brésil,South America,2021-01-16,4.479
BRA,Brésil,South America,2021-01-17,4.535
BRA,Brésil,South America,2021-01-18,4.516
BRA,Brésil,South America,2021-01-19,4.571
BRA,Brésil,South America,2021-01-20,4.615
BRA,Brésil,South America,2021-01-21,4.74
BRA,Brésil,South America,2021-01-22,4.703
BRA,Brésil,South America,2021-01-23,4.805
BRA,Brésil,South America,2021-01-24,4.832
BRA,Brésil,South America,2021-01-25,4.95
BRA,Brésil,South America,2021-01-26,4.965
BRA,Brésil,South America,2021-01-27,4.926
BRA,Brésil,South America,2021-01-28,4.973
BRA,Brésil,South America,2021-01-29,4.989
BRA,Brésil,South America,2021-01-30,5.041
BRA,Brésil,South America,2021-01-31,5.018
BRA,Brésil,South America,2021-02-01,4.997
BRA,Brésil,South America,2021-02-02,4.994
BRA,Brésil,South America,2021-02-03,4.975
BRA,Brésil,South America,2021-02-04,4.871
BRA,Brésil,South America,2021-02-05,4.952
BRA,Brésil,South America,2021-02-06,4.092
BRA,Brésil,South America,2021-02-07,4.725
BRA,Brésil,South America,2021-02-08,4.325
BRA,Brésil,South America,2021-02-09,4.846
BRA,Brésil,South America,2021-02-10,4.897
BRA,Brésil,South America,2021-02-11,4.977
BRA,Brésil,South America,2021-02-12,5.01
BRA,Brésil,South America,2021-02-13,5.711
BRA,Brésil,South America,2021-02-14,5.182
BRA,Brésil,South America,2021-02-15,5.537
BRA,Brésil,South America,2021-02-16,4.987
BRA,Brésil,South America,2021-02-17,4.866
BRA,Brésil,South America,2021-02-18,4.877
BRA,Brésil,South America,2021-02-19,4.871
BRA,Brésil,South America,2021-02-20,5.004
BRA,Brésil,South America,2021-02-21,4.879
BRA,Brésil,South America,2021-02-22,4.953
BRA,Brésil,South America,2021-02-23,5.1
BRA,Brésil,South America,2021-02-24,5.287
BRA,Brésil,South America,2021-02-25,5.404
BRA,Brésil,South America,2021-02-26,5.443
BRA,Brésil,South America,2021-02-27,5.541
BRA,Brésil,South America,2021-02-28,5.671
BRA,Brésil,South America,2021-03-01,5.764
BRA,Brésil,South America,2021-03-02,5.936
BRA,Brésil,South America,2021-03-03,6.26
BRA,Brésil,South America,2021-03-04,6.366
BRA,Brésil,South America,2021-03-05,6.677
BRA,Brésil,South America,2021-03-06,6.791
BRA,Brésil,South America,2021-03-07,7.036
BRA,Brésil,South America,2021-03-08,7.176
BRA,Brésil,South America,2021-03-09,7.399
BRA,Brésil,South America,2021-03-10,7.652
BRA,Brésil,South America,2021-03-11,8.011
BRA,Brésil,South America,2021-03-12,8.29
BRA,Brésil,South America,2021-03-13,8.587
BRA,Brésil,South America,2021-03-14,8.615
BRA,Brésil,South America,2021-03-15,8.662
BRA,Brésil,South America,2021-03-16,9.246
BRA,Brésil,South America,2021-03-17,9.489
BRA,Brésil,South America,2021-03-18,9.819
BRA,Brésil,South America,2021-03-19,10.222
BRA,Brésil,South America,2021-03-20,10.518
BRA,Brésil,South America,2021-03-21,10.628
BRA,Brésil,South America,2021-03-22,10.847
BRA,Brésil,South America,2021-03-23,11.122
BRA,Brésil,South America,2021-03-24,10.693
BRA,Brésil,South America,2021-03-25,10.728
BRA,Brésil,South America,2021-03-26,11.29
BRA,Brésil,South America,2021-03-27,11.962
BRA,Brésil,South America,2021-03-28,12.208
BRA,Brésil,South America,2021-03-29,12.394
BRA,Brésil,South America,2021-03-30,12.749
BRA,Brésil,South America,2021-03-31,13.999
BRA,Brésil,South America,2021-04-01,14.666
BRA,Brésil,South America,2021-04-02,14.177
BRA,Brésil,South America,2021-04-03,13.202
BRA,Brésil,South America,2021-04-04,12.922
BRA,Brésil,South America,2021-04-05,12.693
BRA,Brésil,South America,2021-04-06,12.972
BRA,Brésil,South America,2021-04-07,12.945
BRA,Brésil,South America,2021-04-08,13.268
BRA,Brésil,South America,2021-04-09,13.786
BRA,Brésil,South America,2021-04-10,14.208
BRA,Brésil,South America,2021-04-11,14.587
BRA,Brésil,South America,2021-04-12,14.695
BRA,Brésil,South America,2021-04-13,14.435
BRA,Brésil,South America,2021-04-14,14.186
BRA,Brésil,South America,2021-04-15,13.723
BRA,Brésil,South America,2021-04-16,13.462
BRA,Brésil,South America,2021-04-17,13.673
BRA,Brésil,South America,2021-04-18,13.575
BRA,Brésil,South America,2021-04-19,13.485
BRA,Brésil,South America,2021-04-20,13.158
BRA,Brésil,South America,2021-04-21,13.167
BRA,Brésil,South America,2021-04-22,12.136
BRA,Brésil,South America,2021-04-23,11.874
BRA,Brésil,South America,2021-04-24,11.972
BRA,Brésil,South America,2021-04-25,11.736
BRA,Brésil,South America,2021-04-26,11.596
BRA,Brésil,South America,2021-04-27,11.438
BRA,Brésil,South America,2021-04-28,11.23
BRA,Brésil,South America,2021-04-29,11.885
BRA,Brésil,South America,2021-04-30,11.671
BRA,Brésil,South America,2021-05-01,11.388
BRA,Brésil,South America,2021-05-02,11.319
BRA,Brésil,South America,2021-05-03,11.214
BRA,Brésil,South America,2021-05-04,11.134
BRA,Brésil,South America,2021-05-05,10.897
BRA,Brésil,South America,2021-05-06,10.594
BRA,Brésil,South America,2021-05-07,10.305
BRA,Brésil,South America,2021-05-08,10
BRA,Brésil,South America,2021-05-09,9.88
BRA,Brésil,South America,2021-05-10,9.817
BRA,Brésil,South America,2021-05-11,9.377
BRA,Brésil,South America,2021-05-12,9.164
BRA,Brésil,South America,2021-05-13,9.052
BRA,Brésil,South America,2021-05-14,9.083
BRA,Brésil,South America,2021-05-15,9.005
BRA,Brésil,South America,2021-05-16,9.013
BRA,Brésil,South America,2021-05-17,8.944
BRA,Brésil,South America,2021-05-18,9.08
BRA,Brésil,South America,2021-05-19,9.179
BRA,Brésil,South America,2021-05-20,9.192
BRA,Brésil,South America,2021-05-21,9.195
BRA,Brésil,South America,2021-05-22,9.068
BRA,Brésil,South America,2021-05-23,8.95
BRA,Brésil,South America,2021-05-24,8.953
FRA,France,Europe,2020-01-24,NA
FRA,France,Europe,2020-01-25,NA
FRA,France,Europe,2020-01-26,NA
FRA,France,Europe,2020-01-27,NA
FRA,France,Europe,2020-01-28,NA
FRA,France,Europe,2020-01-29,0
FRA,France,Europe,2020-01-30,0
FRA,France,Europe,2020-01-31,0
FRA,France,Europe,2020-02-01,0
FRA,France,Europe,2020-02-02,0
FRA,France,Europe,2020-02-03,0
FRA,France,Europe,2020-02-04,0
FRA,France,Europe,2020-02-05,0
FRA,France,Europe,2020-02-06,0
FRA,France,Europe,2020-02-07,0
FRA,France,Europe,2020-02-08,0
FRA,France,Europe,2020-02-09,0
FRA,France,Europe,2020-02-10,0
FRA,France,Europe,2020-02-11,0
FRA,France,Europe,2020-02-12,0
FRA,France,Europe,2020-02-13,0
FRA,France,Europe,2020-02-14,0
FRA,France,Europe,2020-02-15,0.002
FRA,France,Europe,2020-02-16,0.002
FRA,France,Europe,2020-02-17,0.002
FRA,France,Europe,2020-02-18,0.002
FRA,France,Europe,2020-02-19,0.002
FRA,France,Europe,2020-02-20,0.002
FRA,France,Europe,2020-02-21,0.002
FRA,France,Europe,2020-02-22,0
FRA,France,Europe,2020-02-23,0
FRA,France,Europe,2020-02-24,0
FRA,France,Europe,2020-02-25,0
FRA,France,Europe,2020-02-26,0.002
FRA,France,Europe,2020-02-27,0.002
FRA,France,Europe,2020-02-28,0.002
FRA,France,Europe,2020-02-29,0.002
FRA,France,Europe,2020-03-01,0.002
FRA,France,Europe,2020-03-02,0.004
FRA,France,Europe,2020-03-03,0.006
FRA,France,Europe,2020-03-04,0.004
FRA,France,Europe,2020-03-05,0.011
FRA,France,Europe,2020-03-06,0.015
FRA,France,Europe,2020-03-07,0.03
FRA,France,Europe,2020-03-08,0.036
FRA,France,Europe,2020-03-09,0.047
FRA,France,Europe,2020-03-10,0.061
FRA,France,Europe,2020-03-11,0.093
FRA,France,Europe,2020-03-12,0.087
FRA,France,Europe,2020-03-13,0.148
FRA,France,Europe,2020-03-14,0.159
FRA,France,Europe,2020-03-15,0.152
FRA,France,Europe,2020-03-16,0.262
FRA,France,Europe,2020-03-17,0.245
FRA,France,Europe,2020-03-18,0.214
FRA,France,Europe,2020-03-19,0.414
FRA,France,Europe,2020-03-20,0.787
FRA,France,Europe,2020-03-21,0.998
FRA,France,Europe,2020-03-22,1.237
FRA,France,Europe,2020-03-23,1.508
FRA,France,Europe,2020-03-24,2.015
FRA,France,Europe,2020-03-25,2.503
FRA,France,Europe,2020-03-26,3.072
FRA,France,Europe,2020-03-27,3.267
FRA,France,Europe,2020-03-28,3.702
FRA,France,Europe,2020-03-29,4.085
FRA,France,Europe,2020-03-30,4.576
FRA,France,Europe,2020-03-31,5.125
FRA,France,Europe,2020-04-01,7.284
FRA,France,Europe,2020-04-02,7.802
FRA,France,Europe,2020-04-03,9.542
FRA,France,Europe,2020-04-04,11.096
FRA,France,Europe,2020-04-05,11.572
FRA,France,Europe,2020-04-06,12.45
FRA,France,Europe,2020-04-07,14.386
FRA,France,Europe,2020-04-08,12.889
FRA,France,Europe,2020-04-09,14.435
FRA,France,Europe,2020-04-10,14.145
FRA,France,Europe,2020-04-11,13.264
FRA,France,Europe,2020-04-12,13.352
FRA,France,Europe,2020-04-13,12.803
FRA,France,Europe,2020-04-14,11.38
FRA,France,Europe,2020-04-15,13.27
FRA,France,Europe,2020-04-16,12.029
FRA,France,Europe,2020-04-17,11.555
FRA,France,Europe,2020-04-18,11.566
FRA,France,Europe,2020-04-19,11.202
FRA,France,Europe,2020-04-20,11.147
FRA,France,Europe,2020-04-21,10.692
FRA,France,Europe,2020-04-22,8.802
FRA,France,Europe,2020-04-23,8.301
FRA,France,Europe,2020-04-24,7.517
FRA,France,Europe,2020-04-25,6.942
FRA,France,Europe,2020-04-26,6.631
FRA,France,Europe,2020-04-27,6.398
FRA,France,Europe,2020-04-28,6.058
FRA,France,Europe,2020-04-29,5.808
FRA,France,Europe,2020-04-30,5.328
FRA,France,Europe,2020-05-01,4.962
FRA,France,Europe,2020-05-02,4.599
FRA,France,Europe,2020-05-03,4.373
FRA,France,Europe,2020-05-04,4.096
FRA,France,Europe,2020-05-05,4.024
FRA,France,Europe,2020-05-06,3.704
FRA,France,Europe,2020-05-07,3.472
FRA,France,Europe,2020-05-08,3.525
FRA,France,Europe,2020-05-09,3.277
FRA,France,Europe,2020-05-10,3.14
FRA,France,Europe,2020-05-11,3.049
FRA,France,Europe,2020-05-12,3.081
FRA,France,Europe,2020-05-13,2.679
FRA,France,Europe,2020-05-14,3.043
FRA,France,Europe,2020-05-15,2.747
FRA,France,Europe,2020-05-16,2.785
FRA,France,Europe,2020-05-17,3.658
FRA,France,Europe,2020-05-18,3.375
FRA,France,Europe,2020-05-19,2.18
FRA,France,Europe,2020-05-20,2.235
FRA,France,Europe,2020-05-21,1.666
FRA,France,Europe,2020-05-22,1.763
FRA,France,Europe,2020-05-23,1.738
FRA,France,Europe,2020-05-24,0.548
FRA,France,Europe,2020-05-25,0.463
FRA,France,Europe,2020-05-26,1.212
FRA,France,Europe,2020-05-27,0.979
FRA,France,Europe,2020-05-28,0.947
FRA,France,Europe,2020-05-29,0.742
FRA,France,Europe,2020-05-30,0.681
FRA,France,Europe,2020-05-31,0.916
FRA,France,Europe,2020-06-01,0.795
FRA,France,Europe,2020-06-02,0.729
FRA,France,Europe,2020-06-03,0.899
FRA,France,Europe,2020-06-04,0.852
FRA,France,Europe,2020-06-05,0.839
FRA,France,Europe,2020-06-06,0.784
FRA,France,Europe,2020-06-07,0.746
FRA,France,Europe,2020-06-08,0.795
FRA,France,Europe,2020-06-09,0.757
FRA,France,Europe,2020-06-10,0.63
FRA,France,Europe,2020-06-11,0.592
FRA,France,Europe,2020-06-12,0.556
FRA,France,Europe,2020-06-13,0.541
FRA,France,Europe,2020-06-14,0.535
FRA,France,Europe,2020-06-15,0.478
FRA,France,Europe,2020-06-16,0.533
FRA,France,Europe,2020-06-17,0.541
FRA,France,Europe,2020-06-18,0.543
FRA,France,Europe,2020-06-19,0.514
FRA,France,Europe,2020-06-20,0.501
FRA,France,Europe,2020-06-21,0.493
FRA,France,Europe,2020-06-22,0.484
FRA,France,Europe,2020-06-23,0.357
FRA,France,Europe,2020-06-24,0.332
FRA,France,Europe,2020-06-25,0.313
FRA,France,Europe,2020-06-26,0.338
FRA,France,Europe,2020-06-27,0.302
FRA,France,Europe,2020-06-28,0.29
FRA,France,Europe,2020-06-29,0.313
FRA,France,Europe,2020-06-30,0.262
FRA,France,Europe,2020-07-01,0.275
FRA,France,Europe,2020-07-02,0.262
FRA,France,Europe,2020-07-03,0.245
FRA,France,Europe,2020-07-04,0.243
FRA,France,Europe,2020-07-05,0.241
FRA,France,Europe,2020-07-06,0.23
FRA,France,Europe,2020-07-07,0.19
FRA,France,Europe,2020-07-08,0.216
FRA,France,Europe,2020-07-09,0.222
FRA,France,Europe,2020-07-10,0.239
FRA,France,Europe,2020-07-11,0.245
FRA,France,Europe,2020-07-12,0.247
FRA,France,Europe,2020-07-13,0.233
FRA,France,Europe,2020-07-14,0.214
FRA,France,Europe,2020-07-15,0.334
FRA,France,Europe,2020-07-16,0.336
FRA,France,Europe,2020-07-17,0.309
FRA,France,Europe,2020-07-18,0.309
FRA,France,Europe,2020-07-19,0.309
FRA,France,Europe,2020-07-20,0.311
FRA,France,Europe,2020-07-21,0.279
FRA,France,Europe,2020-07-22,0.106
FRA,France,Europe,2020-07-23,0.093
FRA,France,Europe,2020-07-24,0.087
FRA,France,Europe,2020-07-25,0.08
FRA,France,Europe,2020-07-26,0.08
FRA,France,Europe,2020-07-27,0.068
FRA,France,Europe,2020-07-28,0.123
FRA,France,Europe,2020-07-29,0.14
FRA,France,Europe,2020-07-30,0.15
FRA,France,Europe,2020-07-31,0.152
FRA,France,Europe,2020-08-01,0.152
FRA,France,Europe,2020-08-02,0.152
FRA,France,Europe,2020-08-03,0.178
FRA,France,Europe,2020-08-04,0.154
FRA,France,Europe,2020-08-05,0.148
FRA,France,Europe,2020-08-06,0.123
FRA,France,Europe,2020-08-07,0.127
FRA,France,Europe,2020-08-08,0.129
FRA,France,Europe,2020-08-09,0.129
FRA,France,Europe,2020-08-10,0.097
FRA,France,Europe,2020-08-11,0.123
FRA,France,Europe,2020-08-12,0.137
FRA,France,Europe,2020-08-13,0.165
FRA,France,Europe,2020-08-14,0.178
FRA,France,Europe,2020-08-15,0.178
FRA,France,Europe,2020-08-16,0.18
FRA,France,Europe,2020-08-17,0.19
FRA,France,Europe,2020-08-18,0.207
FRA,France,Europe,2020-08-19,0.207
FRA,France,Europe,2020-08-20,0.195
FRA,France,Europe,2020-08-21,0.205
FRA,France,Europe,2020-08-22,0.222
FRA,France,Europe,2020-08-23,0.22
FRA,France,Europe,2020-08-24,0.211
FRA,France,Europe,2020-08-25,0.205
FRA,France,Europe,2020-08-26,0.167
FRA,France,Europe,2020-08-27,0.218
FRA,France,Europe,2020-08-28,0.205
FRA,France,Europe,2020-08-29,0.199
FRA,France,Europe,2020-08-30,0.205
FRA,France,Europe,2020-08-31,0.237
FRA,France,Europe,2020-09-01,0.254
FRA,France,Europe,2020-09-02,0.311
FRA,France,Europe,2020-09-03,0.273
FRA,France,Europe,2020-09-04,0.19
FRA,France,Europe,2020-09-05,0.203
FRA,France,Europe,2020-09-06,0.205
FRA,France,Europe,2020-09-07,0.188
FRA,France,Europe,2020-09-08,0.211
FRA,France,Europe,2020-09-09,0.222
FRA,France,Europe,2020-09-10,0.226
FRA,France,Europe,2020-09-11,0.444
FRA,France,Europe,2020-09-12,0.457
FRA,France,Europe,2020-09-13,0.459
FRA,France,Europe,2020-09-14,0.482
FRA,France,Europe,2020-09-15,0.507
FRA,France,Europe,2020-09-16,0.541
FRA,France,Europe,2020-09-17,0.6
FRA,France,Europe,2020-09-18,0.753
FRA,France,Europe,2020-09-19,0.768
FRA,France,Europe,2020-09-20,0.78
FRA,France,Europe,2020-09-21,0.82
FRA,France,Europe,2020-09-22,0.882
FRA,France,Europe,2020-09-23,0.882
FRA,France,Europe,2020-09-24,0.88
FRA,France,Europe,2020-09-25,0.873
FRA,France,Europe,2020-09-26,0.903
FRA,France,Europe,2020-09-27,0.937
FRA,France,Europe,2020-09-28,1.002
FRA,France,Europe,2020-09-29,0.99
FRA,France,Europe,2020-09-30,1.057
FRA,France,Europe,2020-10-01,1.08
FRA,France,Europe,2020-10-02,1.049
FRA,France,Europe,2020-10-03,1.019
FRA,France,Europe,2020-10-04,1.03
FRA,France,Europe,2020-10-05,1.002
FRA,France,Europe,2020-10-06,1.032
FRA,France,Europe,2020-10-07,1.032
FRA,France,Europe,2020-10-08,1.066
FRA,France,Europe,2020-10-09,1.011
FRA,France,Europe,2020-10-10,1.032
FRA,France,Europe,2020-10-11,1.061
FRA,France,Europe,2020-10-12,1.116
FRA,France,Europe,2020-10-13,1.203
FRA,France,Europe,2020-10-14,1.258
FRA,France,Europe,2020-10-15,1.283
FRA,France,Europe,2020-10-16,1.429
FRA,France,Europe,2020-10-17,1.51
FRA,France,Europe,2020-10-18,1.592
FRA,France,Europe,2020-10-19,1.7
FRA,France,Europe,2020-10-20,2.023
FRA,France,Europe,2020-10-21,2.155
FRA,France,Europe,2020-10-22,2.3
FRA,France,Europe,2020-10-23,2.556
FRA,France,Europe,2020-10-24,2.69
FRA,France,Europe,2020-10-25,2.465
FRA,France,Europe,2020-10-26,2.975
FRA,France,Europe,2020-10-27,3.499
FRA,France,Europe,2020-10-28,3.692
FRA,France,Europe,2020-10-29,3.857
FRA,France,Europe,2020-10-30,4.379
FRA,France,Europe,2020-10-31,4.561
FRA,France,Europe,2020-11-01,5.094
FRA,France,Europe,2020-11-02,5.176
FRA,France,Europe,2020-11-03,6.762
FRA,France,Europe,2020-11-04,6.149
FRA,France,Europe,2020-11-05,6.407
FRA,France,Europe,2020-11-06,7.003
FRA,France,Europe,2020-11-07,7.174
FRA,France,Europe,2020-11-08,7.257
FRA,France,Europe,2020-11-09,7.536
FRA,France,Europe,2020-11-10,7.434
FRA,France,Europe,2020-11-11,8.193
FRA,France,Europe,2020-11-12,8.322
FRA,France,Europe,2020-11-13,8.542
FRA,France,Europe,2020-11-14,8.648
FRA,France,Europe,2020-11-15,8.718
FRA,France,Europe,2020-11-16,8.614
FRA,France,Europe,2020-11-17,8.603
FRA,France,Europe,2020-11-18,8.821
FRA,France,Europe,2020-11-19,8.825
FRA,France,Europe,2020-11-20,9.265
FRA,France,Europe,2020-11-21,9.052
FRA,France,Europe,2020-11-22,8.864
FRA,France,Europe,2020-11-23,8.853
FRA,France,Europe,2020-11-24,8.398
FRA,France,Europe,2020-11-25,8.307
FRA,France,Europe,2020-11-26,8.126
FRA,France,Europe,2020-11-27,7.741
FRA,France,Europe,2020-11-28,7.656
FRA,France,Europe,2020-11-29,7.622
FRA,France,Europe,2020-11-30,7.417
FRA,France,Europe,2020-12-01,6.923
FRA,France,Europe,2020-12-02,6.76
FRA,France,Europe,2020-12-03,6.745
FRA,France,Europe,2020-12-04,6.049
FRA,France,Europe,2020-12-05,6.049
FRA,France,Europe,2020-12-06,5.999
FRA,France,Europe,2020-12-07,5.908
FRA,France,Europe,2020-12-08,6.037
FRA,France,Europe,2020-12-09,6.007
FRA,France,Europe,2020-12-10,5.948
FRA,France,Europe,2020-12-11,5.944
FRA,France,Europe,2020-12-12,5.903
FRA,France,Europe,2020-12-13,5.853
FRA,France,Europe,2020-12-14,5.874
FRA,France,Europe,2020-12-15,5.774
FRA,France,Europe,2020-12-16,5.76
FRA,France,Europe,2020-12-17,5.686
FRA,France,Europe,2020-12-18,5.652
FRA,France,Europe,2020-12-19,5.643
FRA,France,Europe,2020-12-20,5.603
FRA,France,Europe,2020-12-21,5.557
FRA,France,Europe,2020-12-22,5.58
FRA,France,Europe,2020-12-23,5.552
FRA,France,Europe,2020-12-24,5.616
FRA,France,Europe,2020-12-25,4.658
FRA,France,Europe,2020-12-26,4.567
FRA,France,Europe,2020-12-27,4.656
FRA,France,Europe,2020-12-28,4.685
FRA,France,Europe,2020-12-29,5.039
FRA,France,Europe,2020-12-30,5.096
FRA,France,Europe,2020-12-31,5.011
FRA,France,Europe,2021-01-01,4.956
FRA,France,Europe,2021-01-02,4.977
FRA,France,Europe,2021-01-03,4.857
FRA,France,Europe,2021-01-04,4.893
FRA,France,Europe,2021-01-05,4.679
FRA,France,Europe,2021-01-06,4.633
FRA,France,Europe,2021-01-07,4.685
FRA,France,Europe,2021-01-08,5.654
FRA,France,Europe,2021-01-09,5.679
FRA,France,Europe,2021-01-10,5.753
FRA,France,Europe,2021-01-11,5.599
FRA,France,Europe,2021-01-12,5.332
FRA,France,Europe,2021-01-13,5.22
FRA,France,Europe,2021-01-14,5.237
FRA,France,Europe,2021-01-15,5.332
FRA,France,Europe,2021-01-16,5.385
FRA,France,Europe,2021-01-17,5.364
FRA,France,Europe,2021-01-18,5.559
FRA,France,Europe,2021-01-19,5.377
FRA,France,Europe,2021-01-20,5.548
FRA,France,Europe,2021-01-21,5.681
FRA,France,Europe,2021-01-22,5.709
FRA,France,Europe,2021-01-23,5.787
FRA,France,Europe,2021-01-24,5.853
FRA,France,Europe,2021-01-25,5.941
FRA,France,Europe,2021-01-26,5.853
FRA,France,Europe,2021-01-27,5.937
FRA,France,Europe,2021-01-28,5.931
FRA,France,Europe,2021-01-29,6.295
FRA,France,Europe,2021-01-30,6.318
FRA,France,Europe,2021-01-31,6.366
FRA,France,Europe,2021-02-01,6.388
FRA,France,Europe,2021-02-02,6.624
FRA,France,Europe,2021-02-03,6.641
FRA,France,Europe,2021-02-04,5.914
FRA,France,Europe,2021-02-05,6.309
FRA,France,Europe,2021-02-06,6.204
FRA,France,Europe,2021-02-07,6.153
FRA,France,Europe,2021-02-08,6.161
FRA,France,Europe,2021-02-09,6.157
FRA,France,Europe,2021-02-10,6.026
FRA,France,Europe,2021-02-11,6.787
FRA,France,Europe,2021-02-12,6.02
FRA,France,Europe,2021-02-13,6.037
FRA,France,Europe,2021-02-14,6.028
FRA,France,Europe,2021-02-15,5.927
FRA,France,Europe,2021-02-16,5.637
FRA,France,Europe,2021-02-17,5.667
FRA,France,Europe,2021-02-18,5.478
FRA,France,Europe,2021-02-19,5.324
FRA,France,Europe,2021-02-20,5.235
FRA,France,Europe,2021-02-21,5.218
FRA,France,Europe,2021-02-22,5.053
FRA,France,Europe,2021-02-23,4.724
FRA,France,Europe,2021-02-24,4.656
FRA,France,Europe,2021-02-25,4.635
FRA,France,Europe,2021-02-26,4.565
FRA,France,Europe,2021-02-27,4.624
FRA,France,Europe,2021-02-28,4.546
FRA,France,Europe,2021-03-01,4.633
FRA,France,Europe,2021-03-02,4.605
FRA,France,Europe,2021-03-03,4.698
FRA,France,Europe,2021-03-04,4.766
FRA,France,Europe,2021-03-05,4.554
FRA,France,Europe,2021-03-06,4.523
FRA,France,Europe,2021-03-07,4.54
FRA,France,Europe,2021-03-08,4.514
FRA,France,Europe,2021-03-09,4.402
FRA,France,Europe,2021-03-10,4.254
FRA,France,Europe,2021-03-11,4.22
FRA,France,Europe,2021-03-12,3.764
FRA,France,Europe,2021-03-13,3.761
FRA,France,Europe,2021-03-14,3.924
FRA,France,Europe,2021-03-15,3.878
FRA,France,Europe,2021-03-16,3.952
FRA,France,Europe,2021-03-17,3.603
FRA,France,Europe,2021-03-18,3.91
FRA,France,Europe,2021-03-19,4.041
FRA,France,Europe,2021-03-20,4.058
FRA,France,Europe,2021-03-21,3.912
FRA,France,Europe,2021-03-22,3.916
FRA,France,Europe,2021-03-23,3.679
FRA,France,Europe,2021-03-24,4.015
FRA,France,Europe,2021-03-25,3.599
FRA,France,Europe,2021-03-26,4.893
FRA,France,Europe,2021-03-27,4.922
FRA,France,Europe,2021-03-28,4.907
FRA,France,Europe,2021-03-29,4.943
FRA,France,Europe,2021-03-30,5.14
FRA,France,Europe,2021-03-31,5.261
FRA,France,Europe,2021-04-01,5.436
FRA,France,Europe,2021-04-02,4.241
FRA,France,Europe,2021-04-03,3.84
FRA,France,Europe,2021-04-04,4.343
FRA,France,Europe,2021-04-05,3.998
FRA,France,Europe,2021-04-06,4.093
FRA,France,Europe,2021-04-07,3.48
FRA,France,Europe,2021-04-08,4.419
FRA,France,Europe,2021-04-09,3.73
FRA,France,Europe,2021-04-10,3.751
FRA,France,Europe,2021-04-11,4.442
FRA,France,Europe,2021-04-12,4.84
FRA,France,Europe,2021-04-13,4.669
FRA,France,Europe,2021-04-14,5.269
FRA,France,Europe,2021-04-15,4.305
FRA,France,Europe,2021-04-16,4.992
FRA,France,Europe,2021-04-17,5.368
FRA,France,Europe,2021-04-18,4.193
FRA,France,Europe,2021-04-19,4.324
FRA,France,Europe,2021-04-20,4.385
FRA,France,Europe,2021-04-21,4.461
FRA,France,Europe,2021-04-22,4.421
FRA,France,Europe,2021-04-23,4.423
FRA,France,Europe,2021-04-24,4.483
FRA,France,Europe,2021-04-25,4.493
FRA,France,Europe,2021-04-26,4.389
FRA,France,Europe,2021-04-27,4.332
FRA,France,Europe,2021-04-28,4.294
FRA,France,Europe,2021-04-29,4.36
FRA,France,Europe,2021-04-30,4.271
FRA,France,Europe,2021-05-01,4.218
FRA,France,Europe,2021-05-02,4.151
FRA,France,Europe,2021-05-03,3.967
FRA,France,Europe,2021-05-04,3.776
FRA,France,Europe,2021-05-05,3.626
FRA,France,Europe,2021-05-06,3.438
FRA,France,Europe,2021-05-07,3.356
FRA,France,Europe,2021-05-08,3.322
FRA,France,Europe,2021-05-09,3.326
FRA,France,Europe,2021-05-10,3.286
FRA,France,Europe,2021-05-11,3.273
FRA,France,Europe,2021-05-12,3.146
FRA,France,Europe,2021-05-13,2.96
FRA,France,Europe,2021-05-14,2.795
FRA,France,Europe,2021-05-15,2.66
FRA,France,Europe,2021-05-16,2.588
FRA,France,Europe,2021-05-17,2.385
FRA,France,Europe,2021-05-18,2.336
FRA,France,Europe,2021-05-19,2.245
FRA,France,Europe,2021-05-20,2.25
FRA,France,Europe,2021-05-21,2.144
FRA,France,Europe,2021-05-22,2.095
FRA,France,Europe,2021-05-23,2.072
FRA,France,Europe,2021-05-24,1.789
IND,Inde,Asia,2020-01-30,NA
IND,Inde,Asia,2020-01-31,NA
IND,Inde,Asia,2020-02-01,NA
IND,Inde,Asia,2020-02-02,NA
IND,Inde,Asia,2020-02-03,NA
IND,Inde,Asia,2020-02-04,0
IND,Inde,Asia,2020-02-05,0
IND,Inde,Asia,2020-02-06,0
IND,Inde,Asia,2020-02-07,0
IND,Inde,Asia,2020-02-08,0
IND,Inde,Asia,2020-02-09,0
IND,Inde,Asia,2020-02-10,0
IND,Inde,Asia,2020-02-11,0
IND,Inde,Asia,2020-02-12,0
IND,Inde,Asia,2020-02-13,0
IND,Inde,Asia,2020-02-14,0
IND,Inde,Asia,2020-02-15,0
IND,Inde,Asia,2020-02-16,0
IND,Inde,Asia,2020-02-17,0
IND,Inde,Asia,2020-02-18,0
IND,Inde,Asia,2020-02-19,0
IND,Inde,Asia,2020-02-20,0
IND,Inde,Asia,2020-02-21,0
IND,Inde,Asia,2020-02-22,0
IND,Inde,Asia,2020-02-23,0
IND,Inde,Asia,2020-02-24,0
IND,Inde,Asia,2020-02-25,0
IND,Inde,Asia,2020-02-26,0
IND,Inde,Asia,2020-02-27,0
IND,Inde,Asia,2020-02-28,0
IND,Inde,Asia,2020-02-29,0
IND,Inde,Asia,2020-03-01,0
IND,Inde,Asia,2020-03-02,0
IND,Inde,Asia,2020-03-03,0
IND,Inde,Asia,2020-03-04,0
IND,Inde,Asia,2020-03-05,0
IND,Inde,Asia,2020-03-06,0
IND,Inde,Asia,2020-03-07,0
IND,Inde,Asia,2020-03-08,0
IND,Inde,Asia,2020-03-09,0
IND,Inde,Asia,2020-03-10,0
IND,Inde,Asia,2020-03-11,0
IND,Inde,Asia,2020-03-12,0
IND,Inde,Asia,2020-03-13,0
IND,Inde,Asia,2020-03-14,0
IND,Inde,Asia,2020-03-15,0
IND,Inde,Asia,2020-03-16,0
IND,Inde,Asia,2020-03-17,0
IND,Inde,Asia,2020-03-18,0
IND,Inde,Asia,2020-03-19,0
IND,Inde,Asia,2020-03-20,0
IND,Inde,Asia,2020-03-21,0
IND,Inde,Asia,2020-03-22,0.001
IND,Inde,Asia,2020-03-23,0.001
IND,Inde,Asia,2020-03-24,0.001
IND,Inde,Asia,2020-03-25,0.001
IND,Inde,Asia,2020-03-26,0.002
IND,Inde,Asia,2020-03-27,0.002
IND,Inde,Asia,2020-03-28,0.002
IND,Inde,Asia,2020-03-29,0.002
IND,Inde,Asia,2020-03-30,0.002
IND,Inde,Asia,2020-03-31,0.003
IND,Inde,Asia,2020-04-01,0.005
IND,Inde,Asia,2020-04-02,0.005
IND,Inde,Asia,2020-04-03,0.005
IND,Inde,Asia,2020-04-04,0.006
IND,Inde,Asia,2020-04-05,0.007
IND,Inde,Asia,2020-04-06,0.011
IND,Inde,Asia,2020-04-07,0.012
IND,Inde,Asia,2020-04-08,0.012
IND,Inde,Asia,2020-04-09,0.016
IND,Inde,Asia,2020-04-10,0.018
IND,Inde,Asia,2020-04-11,0.021
IND,Inde,Asia,2020-04-12,0.024
IND,Inde,Asia,2020-04-13,0.023
IND,Inde,Asia,2020-04-14,0.025
IND,Inde,Asia,2020-04-15,0.023
IND,Inde,Asia,2020-04-16,0.023
IND,Inde,Asia,2020-04-17,0.025
IND,Inde,Asia,2020-04-18,0.024
IND,Inde,Asia,2020-04-19,0.024
IND,Inde,Asia,2020-04-20,0.024
IND,Inde,Asia,2020-04-21,0.026
IND,Inde,Asia,2020-04-22,0.029
IND,Inde,Asia,2020-04-23,0.028
IND,Inde,Asia,2020-04-24,0.03
IND,Inde,Asia,2020-04-25,0.031
IND,Inde,Asia,2020-04-26,0.033
IND,Inde,Asia,2020-04-27,0.036
IND,Inde,Asia,2020-04-28,0.038
IND,Inde,Asia,2020-04-29,0.041
IND,Inde,Asia,2020-04-30,0.045
IND,Inde,Asia,2020-05-01,0.046
IND,Inde,Asia,2020-05-02,0.052
IND,Inde,Asia,2020-05-03,0.053
IND,Inde,Asia,2020-05-04,0.065
IND,Inde,Asia,2020-05-05,0.071
IND,Inde,Asia,2020-05-06,0.073
IND,Inde,Asia,2020-05-07,0.076
IND,Inde,Asia,2020-05-08,0.079
IND,Inde,Asia,2020-05-09,0.081
IND,Inde,Asia,2020-05-10,0.085
IND,Inde,Asia,2020-05-11,0.075
IND,Inde,Asia,2020-05-12,0.075
IND,Inde,Asia,2020-05-13,0.079
IND,Inde,Asia,2020-05-14,0.079
IND,Inde,Asia,2020-05-15,0.08
IND,Inde,Asia,2020-05-16,0.08
IND,Inde,Asia,2020-05-17,0.084
IND,Inde,Asia,2020-05-18,0.089
IND,Inde,Asia,2020-05-19,0.092
IND,Inde,Asia,2020-05-20,0.091
IND,Inde,Asia,2020-05-21,0.097
IND,Inde,Asia,2020-05-22,0.101
IND,Inde,Asia,2020-05-23,0.103
IND,Inde,Asia,2020-05-24,0.103
IND,Inde,Asia,2020-05-25,0.105
IND,Inde,Asia,2020-05-26,0.108
IND,Inde,Asia,2020-05-27,0.114
IND,Inde,Asia,2020-05-28,0.117
IND,Inde,Asia,2020-05-29,0.13
IND,Inde,Asia,2020-05-30,0.136
IND,Inde,Asia,2020-05-31,0.143
IND,Inde,Asia,2020-06-01,0.149
IND,Inde,Asia,2020-06-02,0.154
IND,Inde,Asia,2020-06-03,0.161
IND,Inde,Asia,2020-06-04,0.171
IND,Inde,Asia,2020-06-05,0.173
IND,Inde,Asia,2020-06-06,0.182
IND,Inde,Asia,2020-06-07,0.186
IND,Inde,Asia,2020-06-08,0.193
IND,Inde,Asia,2020-06-09,0.199
IND,Inde,Asia,2020-06-10,0.208
IND,Inde,Asia,2020-06-11,0.221
IND,Inde,Asia,2020-06-12,0.231
IND,Inde,Asia,2020-06-13,0.233
IND,Inde,Asia,2020-06-14,0.239
IND,Inde,Asia,2020-06-15,0.251
IND,Inde,Asia,2020-06-16,0.43
IND,Inde,Asia,2020-06-17,0.428
IND,Inde,Asia,2020-06-18,0.422
IND,Inde,Asia,2020-06-19,0.421
IND,Inde,Asia,2020-06-20,0.42
IND,Inde,Asia,2020-06-21,0.433
IND,Inde,Asia,2020-06-22,0.426
IND,Inde,Asia,2020-06-23,0.266
IND,Inde,Asia,2020-06-24,0.275
IND,Inde,Asia,2020-06-25,0.282
IND,Inde,Asia,2020-06-26,0.283
IND,Inde,Asia,2020-06-27,0.294
IND,Inde,Asia,2020-06-28,0.287
IND,Inde,Asia,2020-06-29,0.298
IND,Inde,Asia,2020-06-30,0.303
IND,Inde,Asia,2020-07-01,0.304
IND,Inde,Asia,2020-07-02,0.301
IND,Inde,Asia,2020-07-03,0.307
IND,Inde,Asia,2020-07-04,0.328
IND,Inde,Asia,2020-07-05,0.333
IND,Inde,Asia,2020-07-06,0.338
IND,Inde,Asia,2020-07-07,0.336
IND,Inde,Asia,2020-07-08,0.341
IND,Inde,Asia,2020-07-09,0.351
IND,Inde,Asia,2020-07-10,0.359
IND,Inde,Asia,2020-07-11,0.352
IND,Inde,Asia,2020-07-12,0.36
IND,Inde,Asia,2020-07-13,0.369
IND,Inde,Asia,2020-07-14,0.38
IND,Inde,Asia,2020-07-15,0.392
IND,Inde,Asia,2020-07-16,0.414
IND,Inde,Asia,2020-07-17,0.43
IND,Inde,Asia,2020-07-18,0.429
IND,Inde,Asia,2020-07-19,0.448
IND,Inde,Asia,2020-07-20,0.451
IND,Inde,Asia,2020-07-21,0.458
IND,Inde,Asia,2020-07-22,0.512
IND,Inde,Asia,2020-07-23,0.517
IND,Inde,Asia,2020-07-24,0.526
IND,Inde,Asia,2020-07-25,0.543
IND,Inde,Asia,2020-07-26,0.546
IND,Inde,Asia,2020-07-27,0.551
IND,Inde,Asia,2020-07-28,0.565
IND,Inde,Asia,2020-07-29,0.527
IND,Inde,Asia,2020-07-30,0.53
IND,Inde,Asia,2020-07-31,0.533
IND,Inde,Asia,2020-08-01,0.549
IND,Inde,Asia,2020-08-02,0.555
IND,Inde,Asia,2020-08-03,0.572
IND,Inde,Asia,2020-08-04,0.58
IND,Inde,Asia,2020-08-05,0.595
IND,Inde,Asia,2020-08-06,0.607
IND,Inde,Asia,2020-08-07,0.622
IND,Inde,Asia,2020-08-08,0.623
IND,Inde,Asia,2020-08-09,0.647
IND,Inde,Asia,2020-08-10,0.654
IND,Inde,Asia,2020-08-11,0.652
IND,Inde,Asia,2020-08-12,0.656
IND,Inde,Asia,2020-08-13,0.668
IND,Inde,Asia,2020-08-14,0.675
IND,Inde,Asia,2020-08-15,0.683
IND,Inde,Asia,2020-08-16,0.676
IND,Inde,Asia,2020-08-17,0.677
IND,Inde,Asia,2020-08-18,0.704
IND,Inde,Asia,2020-08-19,0.707
IND,Inde,Asia,2020-08-20,0.705
IND,Inde,Asia,2020-08-21,0.7
IND,Inde,Asia,2020-08-22,0.696
IND,Inde,Asia,2020-08-23,0.685
IND,Inde,Asia,2020-08-24,0.683
IND,Inde,Asia,2020-08-25,0.67
IND,Inde,Asia,2020-08-26,0.684
IND,Inde,Asia,2020-08-27,0.692
IND,Inde,Asia,2020-08-28,0.699
IND,Inde,Asia,2020-08-29,0.703
IND,Inde,Asia,2020-08-30,0.717
IND,Inde,Asia,2020-08-31,0.714
IND,Inde,Asia,2020-09-01,0.722
IND,Inde,Asia,2020-09-02,0.715
IND,Inde,Asia,2020-09-03,0.719
IND,Inde,Asia,2020-09-04,0.726
IND,Inde,Asia,2020-09-05,0.738
IND,Inde,Asia,2020-09-06,0.743
IND,Inde,Asia,2020-09-07,0.775
IND,Inde,Asia,2020-09-08,0.782
IND,Inde,Asia,2020-09-09,0.796
IND,Inde,Asia,2020-09-10,0.807
IND,Inde,Asia,2020-09-11,0.819
IND,Inde,Asia,2020-09-12,0.824
IND,Inde,Asia,2020-09-13,0.836
IND,Inde,Asia,2020-09-14,0.828
IND,Inde,Asia,2020-09-15,0.846
IND,Inde,Asia,2020-09-16,0.842
IND,Inde,Asia,2020-09-17,0.839
IND,Inde,Asia,2020-09-18,0.843
IND,Inde,Asia,2020-09-19,0.845
IND,Inde,Asia,2020-09-20,0.845
IND,Inde,Asia,2020-09-21,0.845
IND,Inde,Asia,2020-09-22,0.823
IND,Inde,Asia,2020-09-23,0.823
IND,Inde,Asia,2020-09-24,0.82
IND,Inde,Asia,2020-09-25,0.803
IND,Inde,Asia,2020-09-26,0.802
IND,Inde,Asia,2020-09-27,0.793
IND,Inde,Asia,2020-09-28,0.764
IND,Inde,Asia,2020-09-29,0.774
IND,Inde,Asia,2020-09-30,0.779
IND,Inde,Asia,2020-10-01,0.775
IND,Inde,Asia,2020-10-02,0.773
IND,Inde,Asia,2020-10-03,0.754
IND,Inde,Asia,2020-10-04,0.739
IND,Inde,Asia,2020-10-05,0.751
IND,Inde,Asia,2020-10-06,0.731
IND,Inde,Asia,2020-10-07,0.709
IND,Inde,Asia,2020-10-08,0.695
IND,Inde,Asia,2020-10-09,0.681
IND,Inde,Asia,2020-10-10,0.678
IND,Inde,Asia,2020-10-11,0.669
IND,Inde,Asia,2020-10-12,0.651
IND,Inde,Asia,2020-10-13,0.624
IND,Inde,Asia,2020-10-14,0.594
IND,Inde,Asia,2020-10-15,0.587
IND,Inde,Asia,2020-10-16,0.578
IND,Inde,Asia,2020-10-17,0.59
IND,Inde,Asia,2020-10-18,0.565
IND,Inde,Asia,2020-10-19,0.553
IND,Inde,Asia,2020-10-20,0.552
IND,Inde,Asia,2020-10-21,0.554
IND,Inde,Asia,2020-10-22,0.533
IND,Inde,Asia,2020-10-23,0.513
IND,Inde,Asia,2020-10-24,0.466
IND,Inde,Asia,2020-10-25,0.456
IND,Inde,Asia,2020-10-26,0.446
IND,Inde,Asia,2020-10-27,0.424
IND,Inde,Asia,2020-10-28,0.405
IND,Inde,Asia,2020-10-29,0.392
IND,Inde,Asia,2020-10-30,0.381
IND,Inde,Asia,2020-10-31,0.37
IND,Inde,Asia,2020-11-01,0.372
IND,Inde,Asia,2020-11-02,0.372
IND,Inde,Asia,2020-11-03,0.373
IND,Inde,Asia,2020-11-04,0.392
IND,Inde,Asia,2020-11-05,0.403
IND,Inde,Asia,2020-11-06,0.406
IND,Inde,Asia,2020-11-07,0.415
IND,Inde,Asia,2020-11-08,0.414
IND,Inde,Asia,2020-11-09,0.41
IND,Inde,Asia,2020-11-10,0.41
IND,Inde,Asia,2020-11-11,0.394
IND,Inde,Asia,2020-11-12,0.381
IND,Inde,Asia,2020-11-13,0.375
IND,Inde,Asia,2020-11-14,0.364
IND,Inde,Asia,2020-11-15,0.358
IND,Inde,Asia,2020-11-16,0.358
IND,Inde,Asia,2020-11-17,0.354
IND,Inde,Asia,2020-11-18,0.358
IND,Inde,Asia,2020-11-19,0.362
IND,Inde,Asia,2020-11-20,0.366
IND,Inde,Asia,2020-11-21,0.372
IND,Inde,Asia,2020-11-22,0.38
IND,Inde,Asia,2020-11-23,0.383
IND,Inde,Asia,2020-11-24,0.384
IND,Inde,Asia,2020-11-25,0.377
IND,Inde,Asia,2020-11-26,0.368
IND,Inde,Asia,2020-11-27,0.36
IND,Inde,Asia,2020-11-28,0.359
IND,Inde,Asia,2020-11-29,0.352
IND,Inde,Asia,2020-11-30,0.352
IND,Inde,Asia,2020-12-01,0.354
IND,Inde,Asia,2020-12-02,0.355
IND,Inde,Asia,2020-12-03,0.36
IND,Inde,Asia,2020-12-04,0.362
IND,Inde,Asia,2020-12-05,0.361
IND,Inde,Asia,2020-12-06,0.355
IND,Inde,Asia,2020-12-07,0.345
IND,Inde,Asia,2020-12-08,0.335
IND,Inde,Asia,2020-12-09,0.323
IND,Inde,Asia,2020-12-10,0.31
IND,Inde,Asia,2020-12-11,0.303
IND,Inde,Asia,2020-12-12,0.294
IND,Inde,Asia,2020-12-13,0.288
IND,Inde,Asia,2020-12-14,0.285
IND,Inde,Asia,2020-12-15,0.283
IND,Inde,Asia,2020-12-16,0.277
IND,Inde,Asia,2020-12-17,0.27
IND,Inde,Asia,2020-12-18,0.26
IND,Inde,Asia,2020-12-19,0.254
IND,Inde,Asia,2020-12-20,0.254
IND,Inde,Asia,2020-12-21,0.249
IND,Inde,Asia,2020-12-22,0.243
IND,Inde,Asia,2020-12-23,0.239
IND,Inde,Asia,2020-12-24,0.238
IND,Inde,Asia,2020-12-25,0.228
IND,Inde,Asia,2020-12-26,0.222
IND,Inde,Asia,2020-12-27,0.216
IND,Inde,Asia,2020-12-28,0.211
IND,Inde,Asia,2020-12-29,0.207
IND,Inde,Asia,2020-12-30,0.205
IND,Inde,Asia,2020-12-31,0.17
IND,Inde,Asia,2021-01-01,0.171
IND,Inde,Asia,2021-01-02,0.188
IND,Inde,Asia,2021-01-03,0.181
IND,Inde,Asia,2021-01-04,0.176
IND,Inde,Asia,2021-01-05,0.173
IND,Inde,Asia,2021-01-06,0.165
IND,Inde,Asia,2021-01-07,0.19
IND,Inde,Asia,2021-01-08,0.163
IND,Inde,Asia,2021-01-09,0.162
IND,Inde,Asia,2021-01-10,0.156
IND,Inde,Asia,2021-01-11,0.153
IND,Inde,Asia,2021-01-12,0.146
IND,Inde,Asia,2021-01-13,0.144
IND,Inde,Asia,2021-01-14,0.14
IND,Inde,Asia,2021-01-15,0.158
IND,Inde,Asia,2021-01-16,0.132
IND,Inde,Asia,2021-01-17,0.13
IND,Inde,Asia,2021-01-18,0.127
IND,Inde,Asia,2021-01-19,0.123
IND,Inde,Asia,2021-01-20,0.118
IND,Inde,Asia,2021-01-21,0.115
IND,Inde,Asia,2021-01-22,0.113
IND,Inde,Asia,2021-01-23,0.11
IND,Inde,Asia,2021-01-24,0.109
IND,Inde,Asia,2021-01-25,0.107
IND,Inde,Asia,2021-01-26,0.104
IND,Inde,Asia,2021-01-27,0.101
IND,Inde,Asia,2021-01-28,0.101
IND,Inde,Asia,2021-01-29,0.1
IND,Inde,Asia,2021-01-30,0.097
IND,Inde,Asia,2021-01-31,0.095
IND,Inde,Asia,2021-02-01,0.093
IND,Inde,Asia,2021-02-02,0.09
IND,Inde,Asia,2021-02-03,0.089
IND,Inde,Asia,2021-02-04,0.084
IND,Inde,Asia,2021-02-05,0.08
IND,Inde,Asia,2021-02-06,0.075
IND,Inde,Asia,2021-02-07,0.071
IND,Inde,Asia,2021-02-08,0.07
IND,Inde,Asia,2021-02-09,0.068
IND,Inde,Asia,2021-02-10,0.068
IND,Inde,Asia,2021-02-11,0.065
IND,Inde,Asia,2021-02-12,0.065
IND,Inde,Asia,2021-02-13,0.067
IND,Inde,Asia,2021-02-14,0.067
IND,Inde,Asia,2021-02-15,0.068
IND,Inde,Asia,2021-02-16,0.068
IND,Inde,Asia,2021-02-17,0.068
IND,Inde,Asia,2021-02-18,0.069
IND,Inde,Asia,2021-02-19,0.069
IND,Inde,Asia,2021-02-20,0.068
IND,Inde,Asia,2021-02-21,0.068
IND,Inde,Asia,2021-02-22,0.067
IND,Inde,Asia,2021-02-23,0.068
IND,Inde,Asia,2021-02-24,0.072
IND,Inde,Asia,2021-02-25,0.074
IND,Inde,Asia,2021-02-26,0.075
IND,Inde,Asia,2021-02-27,0.078
IND,Inde,Asia,2021-02-28,0.08
IND,Inde,Asia,2021-03-01,0.081
IND,Inde,Asia,2021-03-02,0.081
IND,Inde,Asia,2021-03-03,0.076
IND,Inde,Asia,2021-03-04,0.075
IND,Inde,Asia,2021-03-05,0.074
IND,Inde,Asia,2021-03-06,0.073
IND,Inde,Asia,2021-03-07,0.072
IND,Inde,Asia,2021-03-08,0.071
IND,Inde,Asia,2021-03-09,0.074
IND,Inde,Asia,2021-03-10,0.078
IND,Inde,Asia,2021-03-11,0.078
IND,Inde,Asia,2021-03-12,0.082
IND,Inde,Asia,2021-03-13,0.088
IND,Inde,Asia,2021-03-14,0.09
IND,Inde,Asia,2021-03-15,0.096
IND,Inde,Asia,2021-03-16,0.102
IND,Inde,Asia,2021-03-17,0.106
IND,Inde,Asia,2021-03-18,0.11
IND,Inde,Asia,2021-03-19,0.115
IND,Inde,Asia,2021-03-20,0.119
IND,Inde,Asia,2021-03-21,0.129
IND,Inde,Asia,2021-03-22,0.136
IND,Inde,Asia,2021-03-23,0.145
IND,Inde,Asia,2021-03-24,0.153
IND,Inde,Asia,2021-03-25,0.163
IND,Inde,Asia,2021-03-26,0.174
IND,Inde,Asia,2021-03-27,0.186
IND,Inde,Asia,2021-03-28,0.194
IND,Inde,Asia,2021-03-29,0.202
IND,Inde,Asia,2021-03-30,0.21
IND,Inde,Asia,2021-03-31,0.231
IND,Inde,Asia,2021-04-01,0.253
IND,Inde,Asia,2021-04-02,0.297
IND,Inde,Asia,2021-04-03,0.318
IND,Inde,Asia,2021-04-04,0.337
IND,Inde,Asia,2021-04-05,0.355
IND,Inde,Asia,2021-04-06,0.384
IND,Inde,Asia,2021-04-07,0.407
IND,Inde,Asia,2021-04-08,0.44
IND,Inde,Asia,2021-04-09,0.448
IND,Inde,Asia,2021-04-10,0.482
IND,Inde,Asia,2021-04-11,0.526
IND,Inde,Asia,2021-04-12,0.57
IND,Inde,Asia,2021-04-13,0.612
IND,Inde,Asia,2021-04-14,0.648
IND,Inde,Asia,2021-04-15,0.69
IND,Inde,Asia,2021-04-16,0.747
IND,Inde,Asia,2021-04-17,0.815
IND,Inde,Asia,2021-04-18,0.889
IND,Inde,Asia,2021-04-19,0.981
IND,Inde,Asia,2021-04-20,1.084
IND,Inde,Asia,2021-04-21,1.194
IND,Inde,Asia,2021-04-22,1.306
IND,Inde,Asia,2021-04-23,1.438
IND,Inde,Asia,2021-04-24,1.569
IND,Inde,Asia,2021-04-25,1.693
IND,Inde,Asia,2021-04-26,1.798
IND,Inde,Asia,2021-04-27,1.929
IND,Inde,Asia,2021-04-28,2.089
IND,Inde,Asia,2021-04-29,2.216
IND,Inde,Asia,2021-04-30,2.309
IND,Inde,Asia,2021-05-01,2.405
IND,Inde,Asia,2021-05-02,2.467
IND,Inde,Asia,2021-05-03,2.538
IND,Inde,Asia,2021-05-04,2.588
IND,Inde,Asia,2021-05-05,2.623
IND,Inde,Asia,2021-05-06,2.666
IND,Inde,Asia,2021-05-07,2.735
IND,Inde,Asia,2021-05-08,2.775
IND,Inde,Asia,2021-05-09,2.811
IND,Inde,Asia,2021-05-10,2.855
IND,Inde,Asia,2021-05-11,2.899
IND,Inde,Asia,2021-05-12,2.914
IND,Inde,Asia,2021-05-13,2.923
IND,Inde,Asia,2021-05-14,2.892
IND,Inde,Asia,2021-05-15,2.892
IND,Inde,Asia,2021-05-16,2.927
IND,Inde,Asia,2021-05-17,2.974
IND,Inde,Asia,2021-05-18,3.007
IND,Inde,Asia,2021-05-19,2.982
IND,Inde,Asia,2021-05-20,3.004
IND,Inde,Asia,2021-05-21,3.035
IND,Inde,Asia,2021-05-22,3
IND,Inde,Asia,2021-05-23,3.036
IND,Inde,Asia,2021-05-24,2.952
USA,États-Unis,North America,2020-01-22,NA
USA,États-Unis,North America,2020-01-23,NA
USA,États-Unis,North America,2020-01-24,NA
USA,États-Unis,North America,2020-01-25,NA
USA,États-Unis,North America,2020-01-26,NA
USA,États-Unis,North America,2020-01-27,NA
USA,États-Unis,North America,2020-01-28,0
USA,États-Unis,North America,2020-01-29,0
USA,États-Unis,North America,2020-01-30,0
USA,États-Unis,North America,2020-01-31,0
USA,États-Unis,North America,2020-02-01,0
USA,États-Unis,North America,2020-02-02,0
USA,États-Unis,North America,2020-02-03,0
USA,États-Unis,North America,2020-02-04,0
USA,États-Unis,North America,2020-02-05,0
USA,États-Unis,North America,2020-02-06,0
USA,États-Unis,North America,2020-02-07,0
USA,États-Unis,North America,2020-02-08,0
USA,États-Unis,North America,2020-02-09,0
USA,États-Unis,North America,2020-02-10,0
USA,États-Unis,North America,2020-02-11,0
USA,États-Unis,North America,2020-02-12,0
USA,États-Unis,North America,2020-02-13,0
USA,États-Unis,North America,2020-02-14,0
USA,États-Unis,North America,2020-02-15,0
USA,États-Unis,North America,2020-02-16,0
USA,États-Unis,North America,2020-02-17,0
USA,États-Unis,North America,2020-02-18,0
USA,États-Unis,North America,2020-02-19,0
USA,États-Unis,North America,2020-02-20,0
USA,États-Unis,North America,2020-02-21,0
USA,États-Unis,North America,2020-02-22,0
USA,États-Unis,North America,2020-02-23,0
USA,États-Unis,North America,2020-02-24,0
USA,États-Unis,North America,2020-02-25,0
USA,États-Unis,North America,2020-02-26,0
USA,États-Unis,North America,2020-02-27,0
USA,États-Unis,North America,2020-02-28,0
USA,États-Unis,North America,2020-02-29,0
USA,États-Unis,North America,2020-03-01,0
USA,États-Unis,North America,2020-03-02,0.003
USA,États-Unis,North America,2020-03-03,0.003
USA,États-Unis,North America,2020-03-04,0.005
USA,États-Unis,North America,2020-03-05,0.005
USA,États-Unis,North America,2020-03-06,0.006
USA,États-Unis,North America,2020-03-07,0.007
USA,États-Unis,North America,2020-03-08,0.009
USA,États-Unis,North America,2020-03-09,0.007
USA,États-Unis,North America,2020-03-10,0.009
USA,États-Unis,North America,2020-03-11,0.009
USA,États-Unis,North America,2020-03-12,0.013
USA,États-Unis,North America,2020-03-13,0.016
USA,États-Unis,North America,2020-03-14,0.018
USA,États-Unis,North America,2020-03-15,0.021
USA,États-Unis,North America,2020-03-16,0.032
USA,États-Unis,North America,2020-03-17,0.046
USA,États-Unis,North America,2020-03-18,0.069
USA,États-Unis,North America,2020-03-19,0.096
USA,États-Unis,North America,2020-03-20,0.139
USA,États-Unis,North America,2020-03-21,0.18
USA,États-Unis,North America,2020-03-22,0.227
USA,États-Unis,North America,2020-03-23,0.299
USA,États-Unis,North America,2020-03-24,0.388
USA,États-Unis,North America,2020-03-25,0.505
USA,États-Unis,North America,2020-03-26,0.655
USA,États-Unis,North America,2020-03-27,0.835
USA,États-Unis,North America,2020-03-28,1.067
USA,États-Unis,North America,2020-03-29,1.284
USA,États-Unis,North America,2020-03-30,1.509
USA,États-Unis,North America,2020-03-31,1.872
USA,États-Unis,North America,2020-04-01,2.282
USA,États-Unis,North America,2020-04-02,2.754
USA,États-Unis,North America,2020-04-03,3.146
USA,États-Unis,North America,2020-04-04,3.544
USA,États-Unis,North America,2020-04-05,3.971
USA,États-Unis,North America,2020-04-06,4.428
USA,États-Unis,North America,2020-04-07,5.071
USA,États-Unis,North America,2020-04-08,5.45
USA,États-Unis,North America,2020-04-09,5.748
USA,États-Unis,North America,2020-04-10,6.077
USA,États-Unis,North America,2020-04-11,6.321
USA,États-Unis,North America,2020-04-12,6.432
USA,États-Unis,North America,2020-04-13,6.535
USA,États-Unis,North America,2020-04-14,6.475
USA,États-Unis,North America,2020-04-15,6.67
USA,États-Unis,North America,2020-04-16,6.644
USA,États-Unis,North America,2020-04-17,6.608
USA,États-Unis,North America,2020-04-18,6.541
USA,États-Unis,North America,2020-04-19,6.583
USA,États-Unis,North America,2020-04-20,6.678
USA,États-Unis,North America,2020-04-21,6.713
USA,États-Unis,North America,2020-04-22,6.647
USA,États-Unis,North America,2020-04-23,6.782
USA,États-Unis,North America,2020-04-24,6.816
USA,États-Unis,North America,2020-04-25,6.703
USA,États-Unis,North America,2020-04-26,6.456
USA,États-Unis,North America,2020-04-27,6.144
USA,États-Unis,North America,2020-04-28,6.019
USA,États-Unis,North America,2020-04-29,6.001
USA,États-Unis,North America,2020-04-30,5.889
USA,États-Unis,North America,2020-05-01,5.768
USA,États-Unis,North America,2020-05-02,5.777
USA,États-Unis,North America,2020-05-03,5.687
USA,États-Unis,North America,2020-05-04,5.631
USA,États-Unis,North America,2020-05-05,5.639
USA,États-Unis,North America,2020-05-06,5.594
USA,États-Unis,North America,2020-05-07,5.479
USA,États-Unis,North America,2020-05-08,5.416
USA,États-Unis,North America,2020-05-09,5.303
USA,États-Unis,North America,2020-05-10,5.211
USA,États-Unis,North America,2020-05-11,5.065
USA,États-Unis,North America,2020-05-12,4.788
USA,États-Unis,North America,2020-05-13,4.534
USA,États-Unis,North America,2020-05-14,4.477
USA,États-Unis,North America,2020-05-15,4.436
USA,États-Unis,North America,2020-05-16,4.319
USA,États-Unis,North America,2020-05-17,4.252
USA,États-Unis,North America,2020-05-18,4.331
USA,États-Unis,North America,2020-05-19,4.27
USA,États-Unis,North America,2020-05-20,4.172
USA,États-Unis,North America,2020-05-21,3.908
USA,États-Unis,North America,2020-05-22,3.714
USA,États-Unis,North America,2020-05-23,3.667
USA,États-Unis,North America,2020-05-24,3.589
USA,États-Unis,North America,2020-05-25,3.315
USA,États-Unis,North America,2020-05-26,2.978
USA,États-Unis,North America,2020-05-27,2.962
USA,États-Unis,North America,2020-05-28,2.926
USA,États-Unis,North America,2020-05-29,2.889
USA,États-Unis,North America,2020-05-30,2.831
USA,États-Unis,North America,2020-05-31,2.82
USA,États-Unis,North America,2020-06-01,2.9
USA,États-Unis,North America,2020-06-02,3.031
USA,États-Unis,North America,2020-06-03,2.836
USA,États-Unis,North America,2020-06-04,2.798
USA,États-Unis,North America,2020-06-05,2.693
USA,États-Unis,North America,2020-06-06,2.558
USA,États-Unis,North America,2020-06-07,2.491
USA,États-Unis,North America,2020-06-08,2.375
USA,États-Unis,North America,2020-06-09,2.346
USA,États-Unis,North America,2020-06-10,2.288
USA,États-Unis,North America,2020-06-11,2.209
USA,États-Unis,North America,2020-06-12,2.182
USA,États-Unis,North America,2020-06-13,2.222
USA,États-Unis,North America,2020-06-14,2.173
USA,États-Unis,North America,2020-06-15,2.125
USA,États-Unis,North America,2020-06-16,2.082
USA,États-Unis,North America,2020-06-17,2.023
USA,États-Unis,North America,2020-06-18,1.962
USA,États-Unis,North America,2020-06-19,1.876
USA,États-Unis,North America,2020-06-20,1.8
USA,États-Unis,North America,2020-06-21,1.788
USA,États-Unis,North America,2020-06-22,1.793
USA,États-Unis,North America,2020-06-23,1.764
USA,États-Unis,North America,2020-06-24,1.763
USA,États-Unis,North America,2020-06-25,1.698
USA,États-Unis,North America,2020-06-26,1.698
USA,États-Unis,North America,2020-06-27,1.674
USA,États-Unis,North America,2020-06-28,1.674
USA,États-Unis,North America,2020-06-29,1.665
USA,États-Unis,North America,2020-06-30,1.58
USA,États-Unis,North America,2020-07-01,1.566
USA,États-Unis,North America,2020-07-02,1.642
USA,États-Unis,North America,2020-07-03,1.66
USA,États-Unis,North America,2020-07-04,1.579
USA,États-Unis,North America,2020-07-05,1.582
USA,États-Unis,North America,2020-07-06,1.578
USA,États-Unis,North America,2020-07-07,1.841
USA,États-Unis,North America,2020-07-08,1.893
USA,États-Unis,North America,2020-07-09,2.026
USA,États-Unis,North America,2020-07-10,2.089
USA,États-Unis,North America,2020-07-11,2.268
USA,États-Unis,North America,2020-07-12,2.331
USA,États-Unis,North America,2020-07-13,2.36
USA,États-Unis,North America,2020-07-14,2.259
USA,États-Unis,North America,2020-07-15,2.324
USA,États-Unis,North America,2020-07-16,2.296
USA,États-Unis,North America,2020-07-17,2.343
USA,États-Unis,North America,2020-07-18,2.398
USA,États-Unis,North America,2020-07-19,2.403
USA,États-Unis,North America,2020-07-20,2.454
USA,États-Unis,North America,2020-07-21,2.524
USA,États-Unis,North America,2020-07-22,2.632
USA,États-Unis,North America,2020-07-23,2.681
USA,États-Unis,North America,2020-07-24,2.76
USA,États-Unis,North America,2020-07-25,2.792
USA,États-Unis,North America,2020-07-26,2.812
USA,États-Unis,North America,2020-07-27,3.055
USA,États-Unis,North America,2020-07-28,3.158
USA,États-Unis,North America,2020-07-29,3.24
USA,États-Unis,North America,2020-07-30,3.31
USA,États-Unis,North America,2020-07-31,3.366
USA,États-Unis,North America,2020-08-01,3.436
USA,États-Unis,North America,2020-08-02,3.396
USA,États-Unis,North America,2020-08-03,3.161
USA,États-Unis,North America,2020-08-04,3.14
USA,États-Unis,North America,2020-08-05,3.15
USA,États-Unis,North America,2020-08-06,3.156
USA,États-Unis,North America,2020-08-07,3.156
USA,États-Unis,North America,2020-08-08,3.149
USA,États-Unis,North America,2020-08-09,3.187
USA,États-Unis,North America,2020-08-10,3.21
USA,États-Unis,North America,2020-08-11,3.097
USA,États-Unis,North America,2020-08-12,3.123
USA,États-Unis,North America,2020-08-13,3.047
USA,États-Unis,North America,2020-08-14,3.09
USA,États-Unis,North America,2020-08-15,3.057
USA,États-Unis,North America,2020-08-16,3.097
USA,États-Unis,North America,2020-08-17,3.035
USA,États-Unis,North America,2020-08-18,3.124
USA,États-Unis,North America,2020-08-19,3.055
USA,États-Unis,North America,2020-08-20,3.071
USA,États-Unis,North America,2020-08-21,2.965
USA,États-Unis,North America,2020-08-22,2.925
USA,États-Unis,North America,2020-08-23,2.894
USA,États-Unis,North America,2020-08-24,2.886
USA,États-Unis,North America,2020-08-25,2.89
USA,États-Unis,North America,2020-08-26,2.815
USA,États-Unis,North America,2020-08-27,2.821
USA,États-Unis,North America,2020-08-28,2.772
USA,États-Unis,North America,2020-08-29,2.769
USA,États-Unis,North America,2020-08-30,2.729
USA,États-Unis,North America,2020-08-31,2.759
USA,États-Unis,North America,2020-09-01,2.669
USA,États-Unis,North America,2020-09-02,2.632
USA,États-Unis,North America,2020-09-03,2.598
USA,États-Unis,North America,2020-09-04,2.59
USA,États-Unis,North America,2020-09-05,2.529
USA,États-Unis,North America,2020-09-06,2.536
USA,États-Unis,North America,2020-09-07,2.43
USA,États-Unis,North America,2020-09-08,2.181
USA,États-Unis,North America,2020-09-09,2.216
USA,États-Unis,North America,2020-09-10,2.164
USA,États-Unis,North America,2020-09-11,2.257
USA,États-Unis,North America,2020-09-12,2.231
USA,États-Unis,North America,2020-09-13,2.216
USA,États-Unis,North America,2020-09-14,2.274
USA,États-Unis,North America,2020-09-15,2.597
USA,États-Unis,North America,2020-09-16,2.509
USA,États-Unis,North America,2020-09-17,2.486
USA,États-Unis,North America,2020-09-18,2.366
USA,États-Unis,North America,2020-09-19,2.378
USA,États-Unis,North America,2020-09-20,2.305
USA,États-Unis,North America,2020-09-21,2.303
USA,États-Unis,North America,2020-09-22,2.231
USA,États-Unis,North America,2020-09-23,2.274
USA,États-Unis,North America,2020-09-24,2.29
USA,États-Unis,North America,2020-09-25,2.31
USA,États-Unis,North America,2020-09-26,2.326
USA,États-Unis,North America,2020-09-27,2.347
USA,États-Unis,North America,2020-09-28,2.318
USA,États-Unis,North America,2020-09-29,2.232
USA,États-Unis,North America,2020-09-30,2.19
USA,États-Unis,North America,2020-10-01,2.18
USA,États-Unis,North America,2020-10-02,2.143
USA,États-Unis,North America,2020-10-03,2.107
USA,États-Unis,North America,2020-10-04,2.136
USA,États-Unis,North America,2020-10-05,2.188
USA,États-Unis,North America,2020-10-06,2.124
USA,États-Unis,North America,2020-10-07,2.111
USA,États-Unis,North America,2020-10-08,2.161
USA,États-Unis,North America,2020-10-09,2.208
USA,États-Unis,North America,2020-10-10,2.196
USA,États-Unis,North America,2020-10-11,2.235
USA,États-Unis,North America,2020-10-12,2.198
USA,États-Unis,North America,2020-10-13,2.246
USA,États-Unis,North America,2020-10-14,2.273
USA,États-Unis,North America,2020-10-15,2.212
USA,États-Unis,North America,2020-10-16,2.199
USA,États-Unis,North America,2020-10-17,2.244
USA,États-Unis,North America,2020-10-18,2.253
USA,États-Unis,North America,2020-10-19,2.29
USA,États-Unis,North America,2020-10-20,2.345
USA,États-Unis,North America,2020-10-21,2.402
USA,États-Unis,North America,2020-10-22,2.43
USA,États-Unis,North America,2020-10-23,2.443
USA,États-Unis,North America,2020-10-24,2.524
USA,États-Unis,North America,2020-10-25,2.511
USA,États-Unis,North America,2020-10-26,2.534
USA,États-Unis,North America,2020-10-27,2.555
USA,États-Unis,North America,2020-10-28,2.518
USA,États-Unis,North America,2020-10-29,2.557
USA,États-Unis,North America,2020-10-30,2.598
USA,États-Unis,North America,2020-10-31,2.58
USA,États-Unis,North America,2020-11-01,2.595
USA,États-Unis,North America,2020-11-02,2.612
USA,États-Unis,North America,2020-11-03,2.873
USA,États-Unis,North America,2020-11-04,2.908
USA,États-Unis,North America,2020-11-05,2.973
USA,États-Unis,North America,2020-11-06,3.05
USA,États-Unis,North America,2020-11-07,3.124
USA,États-Unis,North America,2020-11-08,3.157
USA,États-Unis,North America,2020-11-09,3.246
USA,États-Unis,North America,2020-11-10,3.176
USA,États-Unis,North America,2020-11-11,3.315
USA,États-Unis,North America,2020-11-12,3.336
USA,États-Unis,North America,2020-11-13,3.319
USA,États-Unis,North America,2020-11-14,3.434
USA,États-Unis,North America,2020-11-15,3.522
USA,États-Unis,North America,2020-11-16,3.544
USA,États-Unis,North America,2020-11-17,3.675
USA,États-Unis,North America,2020-11-18,3.883
USA,États-Unis,North America,2020-11-19,4.249
USA,États-Unis,North America,2020-11-20,4.576
USA,États-Unis,North America,2020-11-21,4.694
USA,États-Unis,North America,2020-11-22,4.804
USA,États-Unis,North America,2020-11-23,4.921
USA,États-Unis,North America,2020-11-24,5.097
USA,États-Unis,North America,2020-11-25,5.246
USA,États-Unis,North America,2020-11-26,4.957
USA,États-Unis,North America,2020-11-27,4.781
USA,États-Unis,North America,2020-11-28,4.67
USA,États-Unis,North America,2020-11-29,4.671
USA,États-Unis,North America,2020-11-30,4.777
USA,États-Unis,North America,2020-12-01,4.957
USA,États-Unis,North America,2020-12-02,5.195
USA,États-Unis,North America,2020-12-03,5.873
USA,États-Unis,North America,2020-12-04,6.37
USA,États-Unis,North America,2020-12-05,6.798
USA,États-Unis,North America,2020-12-06,6.932
USA,États-Unis,North America,2020-12-07,7.044
USA,États-Unis,North America,2020-12-08,7.077
USA,États-Unis,North America,2020-12-09,7.236
USA,États-Unis,North America,2020-12-10,7.252
USA,États-Unis,North America,2020-12-11,7.563
USA,États-Unis,North America,2020-12-12,7.609
USA,États-Unis,North America,2020-12-13,7.731
USA,États-Unis,North America,2020-12-14,7.751
USA,États-Unis,North America,2020-12-15,7.966
USA,États-Unis,North America,2020-12-16,8.173
USA,États-Unis,North America,2020-12-17,8.392
USA,États-Unis,North America,2020-12-18,8.198
USA,États-Unis,North America,2020-12-19,8.282
USA,États-Unis,North America,2020-12-20,8.319
USA,États-Unis,North America,2020-12-21,8.435
USA,États-Unis,North America,2020-12-22,8.556
USA,États-Unis,North America,2020-12-23,8.451
USA,États-Unis,North America,2020-12-24,8.195
USA,États-Unis,North America,2020-12-25,7.53
USA,États-Unis,North America,2020-12-26,7.197
USA,États-Unis,North America,2020-12-27,7.073
USA,États-Unis,North America,2020-12-28,7.109
USA,États-Unis,North America,2020-12-29,7.21
USA,États-Unis,North America,2020-12-30,7.345
USA,États-Unis,North America,2020-12-31,7.592
USA,États-Unis,North America,2021-01-01,7.903
USA,États-Unis,North America,2021-01-02,8.172
USA,États-Unis,North America,2021-01-03,8.181
USA,États-Unis,North America,2021-01-04,8.22
USA,États-Unis,North America,2021-01-05,8.255
USA,États-Unis,North America,2021-01-06,8.339
USA,États-Unis,North America,2021-01-07,8.558
USA,États-Unis,North America,2021-01-08,9.403
USA,États-Unis,North America,2021-01-09,9.754
USA,États-Unis,North America,2021-01-10,9.993
USA,États-Unis,North America,2021-01-11,9.997
USA,États-Unis,North America,2021-01-12,10.325
USA,États-Unis,North America,2021-01-13,10.37
USA,États-Unis,North America,2021-01-14,10.37
USA,États-Unis,North America,2021-01-15,10.277
USA,États-Unis,North America,2021-01-16,10.313
USA,États-Unis,North America,2021-01-17,10.269
USA,États-Unis,North America,2021-01-18,10.024
USA,États-Unis,North America,2021-01-19,9.272
USA,États-Unis,North America,2021-01-20,9.435
USA,États-Unis,North America,2021-01-21,9.528
USA,États-Unis,North America,2021-01-22,9.508
USA,États-Unis,North America,2021-01-23,9.483
USA,États-Unis,North America,2021-01-24,9.483
USA,États-Unis,North America,2021-01-25,9.674
USA,États-Unis,North America,2021-01-26,10.224
USA,États-Unis,North America,2021-01-27,10.031
USA,États-Unis,North America,2021-01-28,9.959
USA,États-Unis,North America,2021-01-29,9.868
USA,États-Unis,North America,2021-01-30,9.627
USA,États-Unis,North America,2021-01-31,9.607
USA,États-Unis,North America,2021-02-01,9.646
USA,États-Unis,North America,2021-02-02,9.397
USA,États-Unis,North America,2021-02-03,9.373
USA,États-Unis,North America,2021-02-04,9.243
USA,États-Unis,North America,2021-02-05,9.266
USA,États-Unis,North America,2021-02-06,9.203
USA,États-Unis,North America,2021-02-07,9.023
USA,États-Unis,North America,2021-02-08,8.829
USA,États-Unis,North America,2021-02-09,8.676
USA,États-Unis,North America,2021-02-10,8.418
USA,États-Unis,North America,2021-02-11,8.19
USA,États-Unis,North America,2021-02-12,7.862
USA,États-Unis,North America,2021-02-13,7.671
USA,États-Unis,North America,2021-02-14,7.552
USA,États-Unis,North America,2021-02-15,7.268
USA,États-Unis,North America,2021-02-16,6.696
USA,États-Unis,North America,2021-02-17,6.306
USA,États-Unis,North America,2021-02-18,6.009
USA,États-Unis,North America,2021-02-19,5.88
USA,États-Unis,North America,2021-02-20,5.716
USA,États-Unis,North America,2021-02-21,5.754
USA,États-Unis,North America,2021-02-22,5.911
USA,États-Unis,North America,2021-02-23,6.137
USA,États-Unis,North America,2021-02-24,6.471
USA,États-Unis,North America,2021-02-25,6.439
USA,États-Unis,North America,2021-02-26,6.196
USA,États-Unis,North America,2021-02-27,6.066
USA,États-Unis,North America,2021-02-28,5.999
USA,États-Unis,North America,2021-03-01,6.085
USA,États-Unis,North America,2021-03-02,5.945
USA,États-Unis,North America,2021-03-03,5.648
USA,États-Unis,North America,2021-03-04,5.429
USA,États-Unis,North America,2021-03-05,5.306
USA,États-Unis,North America,2021-03-06,5.303
USA,États-Unis,North America,2021-03-07,5.132
USA,États-Unis,North America,2021-03-08,4.794
USA,États-Unis,North America,2021-03-09,4.732
USA,États-Unis,North America,2021-03-10,4.336
USA,États-Unis,North America,2021-03-11,4.177
USA,États-Unis,North America,2021-03-12,4.085
USA,États-Unis,North America,2021-03-13,3.865
USA,États-Unis,North America,2021-03-14,3.815
USA,États-Unis,North America,2021-03-15,3.822
USA,États-Unis,North America,2021-03-16,3.551
USA,États-Unis,North America,2021-03-17,3.405
USA,États-Unis,North America,2021-03-18,3.447
USA,États-Unis,North America,2021-03-19,3.265
USA,États-Unis,North America,2021-03-20,3.155
USA,États-Unis,North America,2021-03-21,3.094
USA,États-Unis,North America,2021-03-22,3.079
USA,États-Unis,North America,2021-03-23,2.948
USA,États-Unis,North America,2021-03-24,3.068
USA,États-Unis,North America,2021-03-25,2.958
USA,États-Unis,North America,2021-03-26,2.961
USA,États-Unis,North America,2021-03-27,2.98
USA,États-Unis,North America,2021-03-28,3.016
USA,États-Unis,North America,2021-03-29,3.012
USA,États-Unis,North America,2021-03-30,3.017
USA,États-Unis,North America,2021-03-31,2.835
USA,États-Unis,North America,2021-04-01,2.691
USA,États-Unis,North America,2021-04-02,2.604
USA,États-Unis,North America,2021-04-03,2.582
USA,États-Unis,North America,2021-04-04,2.483
USA,États-Unis,North America,2021-04-05,2.399
USA,États-Unis,North America,2021-04-06,2.388
USA,États-Unis,North America,2021-04-07,3.036
USA,États-Unis,North America,2021-04-08,3.012
USA,États-Unis,North America,2021-04-09,2.985
USA,États-Unis,North America,2021-04-10,2.976
USA,États-Unis,North America,2021-04-11,2.979
USA,États-Unis,North America,2021-04-12,2.961
USA,États-Unis,North America,2021-04-13,2.949
USA,États-Unis,North America,2021-04-14,2.25
USA,États-Unis,North America,2021-04-15,2.197
USA,États-Unis,North America,2021-04-16,2.19
USA,États-Unis,North America,2021-04-17,2.18
USA,États-Unis,North America,2021-04-18,2.194
USA,États-Unis,North America,2021-04-19,2.205
USA,États-Unis,North America,2021-04-20,2.206
USA,États-Unis,North America,2021-04-21,2.157
USA,États-Unis,North America,2021-04-22,2.183
USA,États-Unis,North America,2021-04-23,2.142
USA,États-Unis,North America,2021-04-24,2.163
USA,États-Unis,North America,2021-04-25,2.144
USA,États-Unis,North America,2021-04-26,2.139
USA,États-Unis,North America,2021-04-27,2.059
USA,États-Unis,North America,2021-04-28,2.106
USA,États-Unis,North America,2021-04-29,2.066
USA,États-Unis,North America,2021-04-30,2.051
USA,États-Unis,North America,2021-05-01,2.041
USA,États-Unis,North America,2021-05-02,2.061
USA,États-Unis,North America,2021-05-03,2.062
USA,États-Unis,North America,2021-05-04,2.16
USA,États-Unis,North America,2021-05-05,2.079
USA,États-Unis,North America,2021-05-06,2.047
USA,États-Unis,North America,2021-05-07,2.053
USA,États-Unis,North America,2021-05-08,2.009
USA,États-Unis,North America,2021-05-09,1.968
USA,États-Unis,North America,2021-05-10,1.929
USA,États-Unis,North America,2021-05-11,1.842
USA,États-Unis,North America,2021-05-12,1.873
USA,États-Unis,North America,2021-05-13,1.877
USA,États-Unis,North America,2021-05-14,1.836
USA,États-Unis,North America,2021-05-15,1.775
USA,États-Unis,North America,2021-05-16,1.784
USA,États-Unis,North America,2021-05-17,1.781
USA,États-Unis,North America,2021-05-18,1.817
USA,États-Unis,North America,2021-05-19,1.732
USA,États-Unis,North America,2021-05-20,1.671
USA,États-Unis,North America,2021-05-21,1.647
USA,États-Unis,North America,2021-05-22,1.648
USA,États-Unis,North America,2021-05-23,1.617
USA,États-Unis,North America,2021-05-24,1.723
